CODE,NAME
0301E-0157,OPEN SPACE NEAR ERATA HOTEL
0301E-0156,THE WORD OF GOD MINISTRY INTERNATIONAL
0301E-0155,OPPOSITE A AND C SHOPPING MALL EAST LEGON
0301E-0154,EMMANUEL EYE CLINIC SHIASHIE
0301E-0153,PRESBY CHURCH EAST LEGON
0301E-0152,AMERICAN HOUSE EAST LEGON
0301E-0151,CHRISTIAN BOOK CENTRE EAST LEGON
0301E-0150,MENSAH WOOD ST EAST LEGON
0301E-0149,TIMBER MARKET EAST LEGON
0301E-0148,BLUE KIOSK SHIASHIE
0301E-0147,PRESBY J H S ABOTSIMAN
0301E-0146,EXT DOWN NEAR ADOFIO GUEST HSE MPEHUASEM
0301E-0145,CHURCH OF PENTECOST BAWALESHIE
0301E-0144,BAWALESHIE PRIMARY SCHOOL 1
0301E-0143,UNIVERSITY STAFF PRIM SCHOOL LEGON
0301E-0142,AKPLAGA VILL EAST LEGON EXT 1
0301E-0141,METEOLOGICAL SERVICE MPEHUASEM 1
0301E-0140,GHANA HOSTELS LTD FLATS PENTAGON
0301E-0139,JUBILEE HALL
0301E-0138,PROVIDENCE BAPTIST CHURCH WEST LEGON
0301E-0137,FOOD DISTRIBUTION KIOSK DZORWULU
0301E-0136,WESTLAND GARDENS JUNCTION WEST LEGON
0301E-0135,CLINIC WEST LEGON
0301E-0134,MT. HOLINESS CHURCH WEST LEGON
0301E-0133,PRESBY CHURCH OF GHANA WEST LEGON
0301E-0132,GIMPA
0301E-0131,COMMONWEALTH HALL 1
0301E-0130,LEGON HALL 1
0301E-0129,VOLTA HALL
0301E-0128,AKUAFFO HALL 1
0301E-0127,MENSAH SARBAH HALL 1
0301E-0126,PRESBY CHURCH (ALSYDACADEMY)
0301E-0125,KING OF KINGS INTERNATIONAL DZORWULU
0301E-0124,METHODIST CHURCH DZORWULU
0301E-0123,LITTLE FLOWERS MONTES SORI PRIM and JHS
0301E-0122,DZORWULU J H S 1
0301E-0121,INTERNATIONAL STUDENTS HOSTEL
0301E-0120,ENGLEBERT INTERNATIONAL SCHOOL
0301E-0119,ASSOCIATION INTERNATIONAL SCHOOL 1
0301E-0118,PAN AFRICAN WRITERS ASSOCIATION
0301E-0117,JACK and JILL INTERNATIONAL SCHOOL 1
0301E-0116,PRISONS 1and2 JHS ROMAN RIDGE
0301E-0115,OPEN SPACE NEAR BANK OF GHANA FLATS
0301E-0114,ECOLE FRANCAISE SCHOOL ROMAN RIDGE
0301E-0113,DILAPE MATERNITY HOME ADAAMA
0301E-0112,ACCRA GIRLS VOCATIONAL INSTITUTE TESANO
0301E-0111,BELMAR KINDERGATEN ABELENKPE
0301E-0110,PENTECOSTAL CHURCH ABELENKPE
0301E-0109,ACHIMOTA BUSINESS COLLEGE ABELENKPE
0301E-0108,SOLID FOUNDATION PREP SCHOOL ABELENKPE
0301E-0107,PRESBYTERIAN CHURCH  ABELENKPE 1
0301E-0106,APOSTOLIC REVELATION SOCIETY ABELENKPE
0301E-0105,ACCRA CITY COUN PRIMARY SCHOOL 1
0301E-0104,THE LIVING GOD TEMPLE ALAJO
0301E-0103,PENTECOST CHURCH ALAJO
0301E-0102,G P R T U OFFICE 1 ALAJO
0301E-0101,SAFIANU'S MOSQUE C209/16
0301E-0100,ALAJO CENTRAL MOSQUE 1
0301E-0099,OPEN SPACE NEAR ALAJO PUBLIC TOILET
0301E-0098,ALAJO PRESBY PRIMARY SCHOOL 1
0301E-0097,G P R T U TAXI RANK NORTH ALAJO
0301E-0096,SANTA LUCIA MATERNITY HOME NORTH ALAJO
0301E-0095,CENTRE OF LANGUAGES AND PROFESSIONAL STUDIES
0301E-0094,ALAJO 1 and 2 J H S
0301E-0093,SEM  CINEMA HALL ALAJO
0301E-0092,CHRIST AMBASSADOR CHURCH
0301E-0091,EBONY RESTAURANT 1 PIG FARM
0301E-0090,PIG FARM 1 and 2 PRIMARY SCHOOL
0301E-0089,CHRIST CHURCH OF GRACE PIG FARM
0301E-0088,APOSTOLIC REVELATION SOCIETY PIG FARM
0301E-0087,KOTOBABI 1 J H S 1
0301E-0086,GERALDO INTERNATIONAL SCHOOL 1
0301E-0085,ST GABRIEL'S ANGLICAN CHURCH KOTOBABI
0301E-0084,KOTOBABI 5and6 J H S
0301E-0083,FAITH CHRISTIAN ACADEMY 1
0301E-0082,ST MICHAELS COLLEGE 1 KOTOBABI
0301E-0081,CITY OF GHANA ACADEMY 1 KOTOBABI
0301E-0080,PACIFIC VIDEO HALL NEW TOWN
0301E-0079,RAINBOW DAY CARE CENTRE
0301E-0078,MRS DUAH'S MATERNITY HOME NEW TOWN
0301E-0077,NEW TOWN POST OFFICE 1
0301E-0076,NEW TOWN 5 and 12 PRIMARY SCHOOL
0301E-0075,NEW TOWN EXPERIMENTAL SCHOOL J H S 1
0301E-0074,ROYAL ACADEMY OF ACCOUNTANCY NEW TOWN
0301E-0073,ROMAN CATHOLIC PRIM SCHOOL KPEHE
0301E-0072,NEW HEAVEN PREPARATORY SCHOOL KPEHE
0301E-0071,AKWA NDOR MANTSE PALACE
0301E-0070,FORMER WEST AFRICA SECONDARY SCHOOL
0301E-0069,KINGS COLLEGE KOKOMLEMLE
0301E-0068,NEAR APEX GUEST HOUSE
0301E-0067,NEW TOWN 2and10 SCHOOL 1
0301E-0066,HARVARD COLLEGE KOKOMLEMLE
0301E-0065,ESTHER'S DAY CARE CENTRE KOKOMLEMLE 1
0301E-0064,HYATT VIDEO CENTRE KOKOMLEMLE
0301E-0063,PENTECOST CHURCH KOKOMLEMLE 1
0301E-0062,MUSAMA DISCO CHRISTO CHURCH
0301E-0061,KOKOMLEMLE 9and10 SCHOOL 1
0301E-0060,SARBAH RD HARVARD PRIM and JHS 1
0301E-0059,ADJACENT SAMPI HOUSE 1
0301E-0058,ACCRA TECH TRAINING SCHOOL 1
0301E-0057,OPEN SPACE OPP KING DAVID HOTEL
0301E-0056,MODERN PHOTO STUDIO KOKOMLEMLE 1
0301E-0055,ASSEMBLY OF GOD CHURCH NEW TOWN
0301E-0054,CHRIST EVANGELICAL MISSION NEW TOWN
0301E-0053,INTERCO NEW TOWN
0301E-0052,GHANA COUNTY PREPARATORY SCH
0301E-0051,NEW TOWN BETHEL
0301E-0050,SHARDOW MOSQUE NEW TOWN
0301E-0049,WHITE HOUSE NEW TOWN
0301E-0048,BABA GORRO MEMORIAL MOSQUE NEW TOWN
0301E-0047,AKOTEX MOSQUE NEW TOWN
0301E-0046,YELLOW HSE NEW TOWN
0301E-0045,ZIKS VIDEO CENTRE NEW TOWN
0301E-0044,ACCRA NEW TOWN J H S MAMOBI
0301E-0043,FAMILY DAY CARE CENTRE MAMOBI
0301E-0042,M D C C MAMOBI
0301E-0041,MAMOBI CLINIC
0301E-0040,JUBILEE CHURCH MAMOBI
0301E-0039,BETHANY NURSERY AND PREP
0301E-0038,WILBERFORCE PREP SCH MAMOBI
0301E-0037,EVANGELICAL CHURCH OF GHANA 1
0301E-0036,SENYA INTERNATIONAL SCHOOL 1
0301E-0035,KOTOKA MEMORIAL SCHOOL
0301E-0034,"ACCRA GIRLS SEC SCH 1, MAMOBI"
0301E-0033,UNITED FAITH TABERNACLE SCH MAMOBI
0301E-0032,VICTORY INTERNATIONAL PREP SCH
0301E-0031,SEWABA CINEMA HALL 1 MAMOBI
0301E-0030,CITY PLAZA VIDEO CENTRE
0301E-0029,ALFALAH ISLAMIC SCHOOL
0301E-0028,MOSQUE NEAR H/N 61/16 MAMOBI
0301E-0027,H/NO E 306/13 NEAR TAXI RANK
0301E-0026,ALSAFIYA ISLAMIC SCH NIMA
0301E-0025,ISLAMIC RESEARCH INSTITUTE NIMA
0301E-0024,ST LOUIS CLINIC NIMA
0301E-0023,PENTECOST EMMANUEL TEMPLE NIMA
0301E-0022,NIMA POST OFFICE
0301E-0021,MOUNT ZION PREPARATORY SCHOOL
0301E-0020,DE' YOUNGSTERS INTERNATIONAL SCHOOL
0301E-0019,NIMA 1 J S S
0301E-0018,RASHAD ARABIC and ENGLISH SCHOOL 441
0301E-0017,HOMETEL OF GRACE PREPARATORY SCH
0301E-0016,ANANI INTERNATIONAL SCHOOL NIMA
0301E-0015,ALHAJI IDRISU'S HOUSE
0301E-0014,ADABIYA ISLAMIC SCHOOL NIMA
0301E-0013,NURIYA ISLAMIC SCHOOL NIMA
0301E-0012,FRANKIES DOWN H/NO 77/10
0301E-0011,GODSON INTER FRENCH/ENGLISH SCH NIMA
0301E-0010,ROMAN CATHOLIC SCHOOL NIMA
0301E-0009,EBENEZER MEMORIAL DAY CARE CENTRE
0301E-0008,DAY CARE CENTRE 37 MILITARY HOSPITAL
0301E-0007,OFFICERS MESS 37 MILITARY HOSPITAL
0301E-0006,KANDA G N T C
0301E-0005,ASSEMBLIES OF GOD CHURCH
0301E-0004,NURUDEEN ISLAMIC SCH RUGA
0301E-0003,FLAG STAFF HSE J H S KANDA
0301E-0002,INFORMATION SERVICES 1 KANDA
0301E-0001,KANDA ESTATE 2and3 PRIMARY SCHOOL
0301A0001,ACCRA ACADEMY (1) BUBIASHIE
0301A0002,BISHOP BOYS (1) BUBIASHIE
0301A0003,"MOUNT ARARAT METH. CHURCH, BUBIASHIE"
0301A0004,PENTECOST CHURCH BUBIASHIE (1)
0301A0005,BUBIASHIE 1 and 2 PRIM. SCHOOL
0301A0006,HAPPY HOME ACADEMY (1) ATICO
0301A0007,GLOBAL REVIVAL CHURCH BUBIASHIE (1)
0301A0008,APOSTLES OF CHIRST CHURCH BUBIASHIE
0301A0009,ATICO CENTRAL MOSQUE (1)
0301A0010,S D A CHURCH ATICO (1)
0301A0011,"AWUDOME J H S, EST AWUDOME ESTATES"
0301A0012,KANESHIE 1and4 PRIM. SCH. (1) KANESHIE
0301A0013,"ST. THERESA'S CATH. CHURCH, AWUDOME"
0301A0014,WINSTON SALEM (1) KANESHIE
0301A0015,"KANESHIE PENTECOST CHURCH (1),  KANESHIE"
0301A0016,"CRIPPLES HOME (1), KANESHIE"
0301A0017,"METHODIST J H S (1), KANESHIE"
0301A0018,"FAN MILK QUARTERS, AWUDOME"
0301A0019,"PRINCE OF PEACE INT. SCH., BUBIASHIE"
0301A0020,"PandT PHARMACY LTD, AWUDOME"
0301A0021,"ETON PREP SCH., BUBIASHIE"
0301A0022,ANGLICAN J H S (1) BUBIASHIE
0301A0023,"KANESHIE 1and2 SCH. (1), BUBIASHIE"
0301A0024,ELOHIM E P CHURCH BUBIASHIE
0301A0025,E P CHURCH BUBIASHIE (1)
0301A0026,ORION CINEMA HALL CIRCLE (1)
0301A0027,KPEHE METH. CHURCH. KPEHE
0301A0028,REVIVAL OF ISLAMIC HERITAGE MOSQUE.AVENOR (1)
0301A0029,WINNERS CHAPEL (1) AVENOR
0301A0030,POLICE DEPOT J H S (1) TESANO
0301A0031,POLICE DEPOT TENNIS COURT (1) TESANO
0301A0032,GHANA TELECOM UNIVERSITY. TESANO
0301A0033,BAPTIST CHURCH OF GHANA TESANO
0301A0034,ST. THERESA'S PREP. SCH. (1)  NTH K'SHIE
0301A0035,INTERNAL REVENUE SERVICE. NTH K'SHIE
0301A0036,CHRIST APOSTOLIC CHURCH (C A C) NTH K'SHIE
0301A0037,SYSTEM ANALYSIS CO. NTH K'SHIE
0301A0038,"LIGHT OF LIFE GOSP. CHURCH, NTH K'SHIE"
0301A0039,"GOOD SHEPHERD METH. CHURCH, NTH K'SHIE"
0301A0040,S D A CHURCH NTH K'SHIE
0301A0041,FOOD and AGRIC ORG. (1) NTH K'SHIE
0301A0042,ROCKY SPOT NTH K'SHIE
0301A0043,"ST. NICHOLAS ACADEMY, NTH K'SHIE"
0301A0044,S H C GUEST HSE. NTH K'SHIE (1)
0301A0045,SOCIETY FOR EDU. AND DEV. KUWAIT OFF NTH KANESHIE
0301A0046,ASSEMBLIES OF GOD (1) NTH K'SHIE
0301A0047,"PROBISCO INT. SCH., NTH K'SHIE"
0301A0048,RED LIGHT BUBIASHIE
0301A0049,M D C C (1) BUBIASHIE
0301A0050,"MOUNTAIN OF FAITH MINISTRY,  BUBIASHIE"
0301A0051,"DATUS MONTESSORI CRECHE (1), BUBIASHIE"
0301A0052,"COURTYARD CHAPEL, BUBIASHIE"
0301A0053,"HEIRS CHAPEL, BUBIASHIE"
0301A0054,ZOE INT. SCH. BUBIASHIE
0301A0055,"DATUS PREP. SCH., BUBIASHIE"
0301A0056,PandT FLATS BUBIASHIE
0301A0057,"CABLE CHURCH OF PENTECOST, BUBIASHIE"
0301A0058,BUBIASHIE NORTH PENTECOST CHURCH BUBIASHIE
0301A0059,"APENKWA J H S, APENKWA"
0301A0060,LITTLE SAINTS SCHOOL APENKWA
0301A0061,CHRIST APOSTOLIC CHURCH INT. APENKWA
0301A0062,"CHARISMATIC FIRE PRAYER MINISTRY, APENKWA"
0301A0063,"TESANO SPORT CLUB, TESANO"
0301A0064,TESANO BAPTIST CHURCH/SCHOOL TESANO
0301A0065,"TESANO (2) J H S, TESANO"
0301A0066,PRINCE CHARLES GUEST HSE. TESANO
0301A0067,GOSPEL WAY MIRACLE CHURCH INT. LAPAZ
0301A0068,CHRIST APOSTOLIC CHURCH ABEKA LAPAZ
0301A0069,UNTO OTHERS INT. SCHOOL (1) ABEKA
0301A0070,ROSES ACADEMY (1) ABEKA
0301A0071,CHURCH OF CHRIST ABEKA (1) CONGREGATION
0301A0072,CHRIST GENERATION CHURCH ABEKA
0301A0073,FOURSQUARE GOSPEL CHURCH ABEKA
0301A0074,HARROW PREP/JHS ABEKA
0301A0075,ORIGINAL WORD MINISTRY ABEKA 1
0301A0076,ABUBAKAR SADIQ MOSQUE ABEKA
0301A0077,HALID BUN WALID ISLAMIC SCHOOL ABEKA
0301A0078,EUREKA HOTEL LTD ABEKA
0301A0079,ST LAWRENCE PREP SCHOOL ABEKA
0301A0080,ALIVE CHAPEL INT. TESANO
0301A0081,DIVINE HEALING CHURCH ABEKA
0301A0082,UNITED PENTECOSTAL CHURCH ABEKA 1
0301A0083,"ST CHARLES LUWANGA CATHOLIC CHURCH, ABEKA"
0301A0084,ABEKA CHRISTIAN CHURCH ABEKA 1
0301A0085,CHRISTIAN LIFE CENTRE ABEKA
0301A0086,CAM'S PREP and JHS ABEKA
0301A0087,LAPAZ POLICE POST 1 LAPAZ
0301A0088,LORD'S PEACE CHURCH ABEKA
0301A0089,CHRIST PENTECOSTAL CHURCH ABEKA
0301A0090,LAKE ROAD CLINIC ABEKA
0301A0091,ADARAWA MOSQUE FADAMA
0301A0092,BLESSED ASSURANCE PREP SCHOOL FADAMA
0301A0093,SILENT STAR NURSERY SCHOOL FADAMA
0301A0094,LOLLARDS JHS FADAMA 1
0301A0095,ROYAL INT SCHOOL FADAMA
0301A0096,PRESBY CHURCH FADAMA
0301A0097,THE CHURCH OF PENTECOST(SALEM ASSEMBLY)NII BOIMAN
0301A0098,GHANA NAT ASS OF PRIVATE SCH REG SEC NII BOIMAN
0301A0099,COSMOS PREP SCHOOL NII BOIMAN 1
0301A0100,APOSTOLIC CHURCH 1 NII BOIMAN
0301A0101,HAPPY HOME ACADEMY NII BOIMAN 1
0301A0102,THE CHURCH OF PENTECOST NII BOIMAN 1
0301A0103,CHARISMATIC EVANGELISTIC MIN-HSEOF GLORY NII BOIMA
0301A0104,TEACHERS PREP SCHOOL NII BOIMAN 1
0301A0105,CHRIST BELIEVERS MINISTRY NII BOIMAN
0301A0106,TRUE VINE PREP JHS NII BOIMAN
0301A0107,POWER HOUSE CHAPEL NII BOIMAN
0301A0108,IMMACULATE CONCEPTION(ROMAN SCH 1 NII BOIMAN
0301A0109,THE CHURCH OF PENTECOST NII BOIMAN
0301A0110,"ALHAJI ABBASS MOSQUE, NII BOIMAN"
0301A0111,THE METHODIST CHURCH GHANA NII BOIMAN
0301A0112,SAVIOUR DIVINE PREP SCH.(HIGH TENSION) 1 NII BOIMA
0301A0113,BOAKO CLINIC AKWETEMAN
0301A0114,CALVARY CHRISTIAN CHURCH AKWETEMAN
0301A0115,PRESBY CHURCH AKWETEMAN
0301A0116,USMANIYA ISLAMIC SCHOOL AKWETEMAN
0301A0117,METHODIST CHURCH EBENEZER SOCIETY AKWETEMAN
0301A0118,ST ANTHONY'S PREP. SCHOOL AKWETEMAN
0301A0119,ANGLICAN JHS ACHIMOTA
0301A0120,BLESSED HOME PREP SCHOOL AKWETEMAN (1)
0301A0121,ACHIMOTA PRESBY CHURCH ACHIMOTA
0301A0122,ANGLICAN PRIMARY SCHOOL ACHIMOTA (2)
0301A0123,ACHIMOTA CENRAL MOSQUE (1)
0301A0124,ACHIMOTA CENTRAL  MARKET (1)
0301A0125,VICTORY NURSERY SCHOOL ACHIMOTA
0301A0126,THE HEALING CHURCH OF SALVATION ACHIMOTA (1)
0301A0127,LITTLE ANGELS DAYCARE ACHIMOTA
0301A0128,ST. PAUL'S ANGLICAN CHURCH ALOGBOSHIE
0301A0129,ST JOHN 'S PREP SCHOOL ACHIMOTA
0301A0130,THE CHURCH OFPENTECOST ALOGBOSHIE WORSHIP CENTRE
0301A0131,ABOFU PRESBY SCHOOL 1 ABOFU
0301A0132,DIVINE HEALERS CHURCH ABOFU
0301A0133,ACHIMOTA PRIMARY SCHOOL ACHIMOTA
0301A0134,ANUMLE 1and2 PRIMARY SCHOOL ANUMLE
0301A0135,SOLID ROCK CHURCH KISSEMAN
0301A0136,EVANGELICAL PRESBY PRIMARY SCH KISSEMAN
0301A0137,R C PRIMARY SCHOOL CHRISTIAN VILLAGE (1)
0301A0138,"HEAVEN'S ACADEMY SCHOOL, KISSEMAN (1)"
0301A0139,"FOUNTAIN OF LIFE MISSION, CHRISTIAN VILLAGE"
0301A0140,"GOLF HILLS POLICE POST, CHRISTIAN VILLAGE"
0301C0001,CITY  ENGINEERS NO 1
0301C0002,ACCRA ROYAL BOYS NO.1
0301C0003,JAMES TOWN MANTSE  PALACE
0301C0004,AKUMAJE MANTSE PALACE
0301C0005,ST.THOMAS PREPARATORY SCHOOL
0301C0006,JAMES TOWN PRESBY CHURCH
0301C0007,JAMES TOWN POLICE STATION NO. 1
0301C0008,SACRED HEART CATHOLIC SSS
0301C0009,AKOTOKU ACADEMY
0301C0010,AMADU TETEREMLI NEAR H/NO 5/3
0301C0011,SOCIAL WELFARE ZONE A OFFICE
0301C0012,OIL and FATS LIMITED
0301C0013,ALL NATION FULL GOSPEL CHURCH
0301C0014,"ASHTEAD LTD,MUDOR"
0301C0015,WISDOM PREPARATORY SCHOOL
0301C0016,PALLADIUM SQUARE DAY CARE CENTRE
0301C0017,GOD IS KING NURSERY NO.1
0301C0018,ACCRA SEMPE PRIM SCH NO.1
0301C0019,SAKUMO TSOSHISHIE PALACE
0301C0020,GBESE MANTSE PALACE
0301C0021,BEAUTIFUL QUAYE NEAR H/NO D311/2
0301C0022,ASERE SHIUNO BLOCK
0301C0023,"SWALABA,BATH HOUSE,NEAR D57/2"
0301C0024,DIVINE HEALERS CHURCH
0301C0025,FREEDOM AREA NEAR H/NO D/550/2
0301C0026,MNAAMNONAA FARMS
0301C0027,ST MARY'S PRIM SCH NO 1
0301C0028,KWAAFORI VIDEO CENTER
0301C0029,OTUBLOHUM MANTSE PALACE
0301C0030,"AMUGI  NAA,OPPOSITE USSHER FORT"
0301C0031,OLD GA MANTSE PALACE
0301C0032,FREEMAN METHODIST CHURCH
0301C0033,MAMPROBI SALAGA TAXI RANK
0301C0034,FRED MILLS GARDENS GA ALATA
0301C0035,SALAGA MARKET TROTRO STATION
0301C0036,OPERA CINEMA NO.1
0301C0037,ALHAJI NUGA MOSQUE
0301C0038,COW LANE CENTRAL MOSQUE
0301C0039,OPERA CINEMA NO.2
0301C0040,AMA HEAD OFFICE
0301C0041,INDEPENDENCE JSS
0301C0042,WATER AND SEWERAGE YARD NO.1
0301C0043,FIRE SERVICE YARD  NO.1
0301C0044,HOLY TRINITY SEC SCHOOL
0301C0045,JAMES TOWN METHODIST PRIMARY SCHOOL NO.1
0301C0046,RASHIDIYA ISLAMIC AND ENGLISH SCHOOL
0301C0047,CHILDREN HOSPITAL YARD
0301C0048,NEW ORDER PREPARATORY SCHOOL NO.1
0301C0049,CRYSTAL OLD MILLS LTD GATE
0301C0050,OSOFO MAKO PRIMARY SCHOOL NO.1
0301C0051,AYALOLO 6AND8 PRIMARY SCHOOL NO.1
0301C0052,GPRTU OFFICE
0301C0053,OLD FADAMA POLICE STATION
0301C0054,SACRED HEART VOC. PRIMARY AND JHS NO.1
0301C0055,APOSTLES REVELATION SOCIETY CHURCH
0301C0056,RAILWAYS YARD NO.3
0301C0057,CHRISTIAN MBOA KUW NO.1
0301C0058,RICHARD AKWEI MEMORIAL SCH NO.1
0301C0059,ASHIEDU KETEKE CENTRAL MKT. AMA YARD NO.1
0301C0060,ASHIEDU KETEKE CENTRAL  MKT DAY CARE CENTER NO.1
0301C0061,FAITH IN CHRIST PREP SCH NO.1
0301C0062,ACCRA BREWERY QUARTERS NO.1
0301D0001,ST JOSEPH CATHOLIC PRIM.SCH
0301D0002,ADDITROM DAY CARE CENTRE
0301D0003,ROXY CINEMA HALL
0301D0004,CMB YARD
0301D0005,ADABRAKA DAY CARE CENTRE
0301D0006,RAILWAY QUARTERS
0301D0007,NAYAK
0301D0008,H/N D29/4 (OPP A1)
0301D0009,CONGREGATION OF GOD'S CHURCH (1)
0301D0010,VOLTA LINES LTD
0301D0011,ADABRAKA PRESBY PRIM SCH
0301D0012,SNAPS SECRETARIAT SCH
0301D0013,ODAW-NAA 1 GARAGES (1) H/N D752/4 (MR TAGOE'S RES)
0301D0014,ODAW-NAA 1 GARAGES (3) PLOT 6 SPRAYING SHOP (OVEN)
0301D0015,ODAW-NAA 1 GARAGES (4) PLOT 239 MACHINE SHOP(OPP.( POLICE QUARTERS)
0301D0016,MT ZION PRAYER MISSION
0301D0017,ODORGONNO DAY CARE CENTRE (1)
0301D0018,LIBERTY AVENUE 1 BOYS JSS
0301D0019,CALVARY BAPTIST CHURCH
0301D0020,GREAT AFRICAN INSURANCE COMPANY
0301D0021,FIRE PROTECTION CO LTD
0301D0022,ADABRAKA MARKET MOSQUE
0301D0023,OLD VAT BUILDING
0301D0024,BOUNDARY ROAD PRIM SCH
0301D0025,ALL SAINTS ANGLICAN PRIM SCH
0301D0026,ADABRAKA PRESBY CHURCH
0301D0027,YWCA
0301D0028,LABOUR COLLEGE
0301D0029,PARK CINEMA HALL
0301D0030,D513/4 (OPP SACKEY ADDO SECRETARIAT SCH)
0301D0031,AMUSUDAI MEMORIAL JSS
0301D0032,GHANA SUPPLY COMMISSION
0301D0033,GLOBE CINEMA HALL
0301D0034,DISTRICT EDUCATION CENTRE
0301D0035,ACCRA POLY-TECHNIC (1)
0301D0036,POLICE QUARTERS (1)
0301D0037,CHRISTIAN METHODIST SEC SCH (1)
0301D0038,ASHIE NURSERY PREP SCH
0301D0039,SAL VALLEY KINDERGARTEN PREP SCH
0301D0040,MID WAY NURSERY SCH
0301D0041,H/N C 378/3 (SUPER SERVICE)
0301D0042,CHURCH OF PENTECOST
0301D0043,YMCA
0301D0044,NANA NKETIA/MERCY PREP SCH
0301D0045,NORTH RIDGE LYCEUM (MODEL NURSERY SCH)
0301D0046,ACCRA HIGH SEC SCH
0301D0047,ART CENTRE (1)
0301D0048,MINISTRY POLICE STATION (DOVVSU)
0301D0049,ST BARNABAS ANGLICAN PRIM SCH
0301D0050,CHIEF'S PALACE NO 1
0301D0051,AMANTRA DAY CARE CENTRE
0301D0052,CDR FORMER OFFICE
0301D0053,UNITED FAITH ASSEMBLY
0301D0054,NII WE AGBLANSHIE
0301D0055,PWD MAINTENANCE UNIT CASTLE (1)
0301D0056,ABOM PRESBY CHURCH
0301D0057,(SUPER) F 164/3
0301D0058,ROYAL INTERNATIONAL SCHOOL
0301D0059,OSU CINEMA HALL (1)
0301D0060,APOSTOLIC CHURCH OF GHANA
0301D0061,BLOGODO GARDEN (1)
0301D0062,ROMAN CATHOLIC PRIM SCH
0301D0063,TEACHER MOTA NURSERY NO 1
0301D0064,OSU POLICE BARRACKS (1)
0301D0065,OIC ANNEX
0301D0066,NEAR HERBERT MENSAH'S HSE
0301D0067,MANHEAN 5 JSS
0301D0068,EDINGHBURG PREP SCH (IN FRONT OF ASH FOAM SHOP)
0301D0069,EL-SHADDAI STUDY CENTRE (1)
0301D0070,CHURCH OF PENTECOST
0301D0071,SIC CLUB HSE
0301D0072,SALEM 1 and 3 PRIM SCH
0301D0073,FAITH EVANGELICAL CHURCH
0301D0074,PWD UNIT STATES HSE
0301D0075,SALEM SEC SCH (1)
0301D0076,SILENT CAFÃ‰
0301D0077,RINGWAY ESTATES JSS (1)
0301D0078,SCHOOL OF JOURNALISM
0301D0079,RIDGE CHURCH SCH
0302-0001,MILE 7 POLICE STATION N/A
0302-0002,KINGSBY HOTEL N/A
0302-0003,AZUMA NELSON'S  HOUSE N/A
0302-0004,ST. ANTHONY PRIM SCH. N/A
0302-0005,CHURCH PENTECOST-SOUTH OFANKOR
0302-0006,GOLDEN DOOR HOTEL TANTRA HILL
0302-0007,ST. JOHN BAPTIST CHURCH TANTRA HILL
0302-0008,ST JOHN `S METH. CHURCH TANTRA HILL
0302-0009,AFRICAN CHILD J H S TANTRA HILLS
0302-0010,MODERN HOTEL MILE 7
0302-0011,ST JOHN GRAMMAR SCH. N/A
0302-0012,PRESBYTERIAN PRIM. SCH. N/A
0302-0013,EVANGELICAL PRESBY CHURCH ALHAJI
0302-0014,SOUND FOUNDATION SCH. NII ANKRAMAN
0302-0015,UNITY PENTECOSTAL CHURCH ALHAJI
0302-0016,METH. CHURCH-ALHAJI
0302-0017,ROYAL GOSPEL PREPARATORY SCH. NII ANKRAMAN
0302-0018,ASSEMBLIES OF GOD CHURCH -NII ANKRAMAN
0302-0019,AGYA HERBAL CENTRE OFANKOR
0302-0020,PRESBYTERIAN CHURCH -NORTH OFANKOR
0302-0021,ANGLICAN PRIM. SCH. OFANKOR
0302-0022,CHRIST IMPACT CHURCH OFANKOR
0302-0023,M/A JHS OFANKOR
0302-0024,S.D.A. CHURCH OFANKOR
0302-0025,APOSTOLIC CHURCH OF GHANA OFANKOR
0302-0026,METH PRIM. SCH. AMAMORLEY
0302-0027,M/A JHS ASOFA
0302-0028,YAHWE INT. SCH.-ASOFA
0302-0029,ST BENEDICT CATHOLIC CHURCH ASOFA
0302-0030,RAINBOW  SPOT OFANKOR
0302-0031,AGENDA 2K OFANKOR
0302-0032,PENTECOST CHURCH -ASOFA NEW TOWN
0302-0033,M/A PRIM SCH OMANJOR
0302-0034,HALEM INT. SCH ASOFA
0302-0035,MENSAH ADDO PREP SCH-OMANJOR
0302-0036,MOTHER REBECCA`S SCH. ASOFA
0302-0037,HIS GRACE SCH. ACP POKUASE
0302-0038,REV. H AFENI PRIM. SCH. POKUASE
0302-0039,SDA CHURCH POKUASE
0302-0040,PRESBY CHURCH POKUASE
0302-0041,M/A JHS POKUASE
0302-0042,"METH CHURCH,POKUASE"
0302-0043,AMPAX HOTEL POKUASE WEST
0302-0044,M/A PRIM SCH. AYAWASO
0302-0045,USMAN BUN AFFAN BASIC SCH.AMANFROM
0302-0046,PRESBY CHURCH FISE
0302-0047,MENNONITE CHURCH ABEHENEASE
0302-0048,"GPRTU OFFICE, ABENSU"
0302-0049,HALLOWED INT. CHURCH AFIAMAN
0302-0050,JEHOVAH WITNESS CHURCH AFIAMAN
0302-0051,"MOUNT ARARAT  CHURCH, STADIUM AFIAMAN"
0302-0052,M/A PRIM SCH KATAPOR
0302-0053,M/A PRIM SCH  BODUMASE
0302-0054,M/A PRIM SCH DEDEIMAN
0302-0055,M/A PRIM SCH OTSIRIKOMFO
0302-0056,PRESBY PRIM SCH OSOFOEMAN
0302-0057,METH CHURCH MAYERA
0302-0058,M/A PRIM SCH. ADUSA
0302-0059,"COMMUNITY CENTRE, OSRODOMPE"
0302-0060,"CHRIST FOUNDATION MINISTRY, OTAOMINA"
0302-0061,M/A PRIM. SCH. ODUMASE-SAMSAM
0302-0062,"M/A PRIM SCH , MPEHUASEM"
0302-0063,PRESBY PRIM SCH SAMSAM
0302-0064,"CHIEF'S PALACE, KORLEMAN"
0302-0065,M/A PRIM SCH. MANTSI
0302-0066,DIST. MAGISTRATE COURT POKUASE
0302-0067,URBAN ROADS OFF. AMASAMAN
0302-0068,POST OFFICE AMASAMAN
0302-0069,METH. CHURCH AMASAMAN
0302-0070,RAILWAYS OFF. AMASAMAN
0302-0071,"CENTRAL MOSQUE ZONGO, AMASAMAN"
0302-0072,GRACE FILLING STATION AMASAMAN
0302-0073,CELESTINE MEMORIAL SCH. SHIKPONTELE
0302-0074,M/A PRIM. SCHOOL  KPOBIKORPE
0302-0075,COMMUNITY CENTRE FAASE
0302-0076,M/A PRIMARY SCH SARPEIMAN
0302-0077,M/A PRIM. SCH OPAH
0302-0078,PRIVATE SCH.POBIMAN
0302-0079,"CHURCH OF PENTECOST, TREBAKOPE"
0302-0080,M/A  PRIM SCH. KUTUNSE
0302-0081,GRACE COMM. INT. SATELLITE KUTUNSE
0302-0082,"LORD KRISHNA ACADEMY, MEDIE"
0302-0083,CENTRAL MOSQUE MEDIE
0302-0084,ASSEMBLIES OF GOD CHURCH HEBRON
0302-0085,M/A JHS MEDIE-KITIWA
0302-0086,M/A PRIM SCH AKOTOSHIE
0302-0087,"COMMUNITY CENTRE, AKOTOSHIE NO. 1"
0302-0088,RAILWAYS OFF. PAPASE
0302-0089,RAILWAYS OFF. KOTOKU
0302-0090,PRESBY CHURCH AMOAMAN KOTOKU
0302-0091,PRESBY PRIM SCH NIITSURUMAN-KOTOKU
0302-0092,"THREE 3 JUNCTION , ABEHENEASE"
0302-0093,M/A JHS ACHIAMAN
0302-0094,METH PRIM SCH. DOBLO - GONNO
0302-0095,METH. PRIM SCH KWASHIEKUMA
0302-0096,CLINIC CENTRE ONYANSANA
0302-0097,METH CHURCH KOJO-ASHONG
0302-0098,METH PRIM SCH. OKUSHIEBIADE
0302-0099,M/A JHS AYIKAI-DOBLO
0302-0100,MENNONITE CHURCH OBEYEYIE
0302-0101,M/A JHS ODUMASE
0302-0102,"LIBERTY INTERNATIONAL CHURCH, OSHIUMAN"
0302-0103,M/A PRIM SCH NSAKINA
0302-0104,METH CHURCH ODUMAN
0302-0105,COMM CLINIC ODUMAN
0302-0106,CHURCH OF PENTECOST ABEASE
0302-0107,AKYEABEA TUROM SCH. JOMA
0302-0108,BEST OF THE BEST PREP SCH BORKORBORKOR
0302-0109,"TRANSFORMER, ODUMAN"
0302-0110,M/A PRIM SCH AFUAMAN
0302-0111,GREAT ROCK REDEEMER CHURCH MANHEAN
0302A0001,"M.A JHS, NGLESHIE AMANFRO"
0302A0002,"ST. PETER'S CATHOLIC SCH, NGLESHIE AMANFRO"
0302A0003,"31ST DEC. DAY CARE CENTRE, NGLESHIE AMANFRO"
0302A0004,"M.A PRIM SCH, NGLESHIE AMANFRO"
0302A0005,"MOUNTAIN TOP CHAPEL, NGLESHIE AMANFRO"
0302A0006,"RESIDENT WELFARE ASSOC, IRON CITY-AMANFRO"
0302A0007,"DAIRUS INT'L SCH, NGLESHIE AMANFRO"
0302A0008,"OBOLO STORE, TOP TOWN-NGLESHIE AMANFRO"
0302A0009,"BARBARA INT'L SCH, TOP TOWN-NGLESHIE AMANFRO"
0302A0010,"UPPER JOY SCH, NGLESHIE AMANFRO"
0302A0011,"M A PRIM SCH, GALILEA"
0302A0012,"CHRIST APOSTOLIC CHURCH, GALILEA"
0302A0013,"GOSPEL HEALING CHURCH, OMANKOPE"
0302A0014,"CHURCH OF PENTECOST, TOMEFA"
0302A0015,"ST. SAY PREP SCH, GALILEA"
0302A0016,"WISDOM SCH, GALILEA"
0302A0017,"M.A BASIC SCHOOLS, APLAKU"
0302A0018,"E.P. CHURCH, TSOKOMEY"
0302A0019,"TEMP BOOTH, AYIGBE TOWN"
0302A0020,"TEMP BOOTH, FAAJIEMOHE"
0302A0021,"LINKSFIELD PREP SCH, NEW APLAKU"
0302A0022,"ST. KAROL NURSING SCHOOL, ISRAEL APLAKU"
0302A0023,"SHILOH PREP SCH, BORTIANOR"
0302A0024,"METH PRIM SCH, BORTIANOR"
0302A0025,"TOLL BOOTH LORRY STATION, GEDAN TUBA JUNCTION"
0302A0026,"MUNIRANIYYA ISLAMIC SCHOOL, GEDAN TUBA"
0302A0027,"NEW COVENANT SCH, GEDAN TUBA"
0302A0028,"FATHER'S  LEGACY SCH, TUBA KUWAIT-GEDAN TUBA"
0302A0029,"TEMP BOOTH, BEACH DRIVE ESTATES"
0302A0030,"ACADEMY OF AFRICAN ARTS AND MUSIC, KOKROBITEY"
0302A0031,"OLD LORRY STATION, KOKROBITEY-KROTIA"
0302A0032,"M.A. PRIM SCH, KOKROBITEY"
0302A0033,"TEMP BOOTH, LANGMA"
0302A0034,"FILLING STATION, OSHIYIE"
0302A0035,"METHODIST CHURCH, SAMPAMAN"
0302A0036,"FOOT OF APLAKU CHAPEL HILL, NEW APLAKU"
0302A0037,"CHRISTIAN METH. SNR HIGH SCH, NEW APLAKU"
0302A0038,"UNIVERSITY COLLEGE OF MGT STUDIES, NEW APLAKU"
0302A0039,"SETHDEL COMPLEX SCH, NEW APLAKU"
0302A0040,"REDEEMER SCHOOL, MILE 11-NEW BORTIANOR"
0302A0041,"STARTRITE MONTESSORI SCH, NEW BORTIANOR"
0302A0042,"BELIEVERS INT'L SCH, NEW BORTIANOR"
0302A0043,"TEMP BOOTH, BROADCASTING-KORKORDJOR"
0302A0044,"TEMP BOOTH, RED TOP-DUNKONAH"
0302A0045,"CBS PREP SCH, BROADCASTING TOP-NEW BORTIANOR"
0302A0046,"M.A. METH PRIM SCH, WEIJA"
0302A0047,"M.A. JHS, WEIJA-ZONGO"
0302A0048,"POLICE STATION, WEIJA"
0302A0049,"MARKET SQUARE, WEIJA"
0302A0050,"JESUS OUR SAVIOUR MINISTRY, UPPER WEIJA"
0302A0051,"METHODIST CHURCH, JANMAN"
0302A0052,"TECHFARM ACADEMY, NEW WEIJA"
0302A0053,"BLESSED GENERATION SCH, NEW WEIJA"
0302A0054,"PENTECOST PRAYER CAMP, MANDELA-NEW WEIJA"
0302A0055,"MT. AMELEPO PRAYER CAMP, NEW WEIJA"
0302A0056,"TAXI RANK, OLD BARRIER-NEW WEIJA"
0302A0057,"GOIL FILLING STATION, NEW WEIJA"
0302A0058,"SCC TAXI RANK, NEW WEIJA"
0302A0059,"ONE PLUS ONE, SCC INSIDE-NEW WEIJA"
0302A0060,"NEW VISION HOTEL, NEW WEIJA"
0302A0061,"EBENEZER FUNERAL PARLOUR, NEW WEIJA"
0302A0062,"TEMP BOOTH, AZUMA LAST STOP-NEW WEIJA"
0302A0063,"GOD'S WONDERFUL CHURCH, NEW TETTEGU"
0302A0064,"M.A. PRIM SCH, OBLOGO"
0302A0065,"MT. CARMEL METH CHURCH, OBLOGO"
0302A0066,"ITS, OBLOGO"
0302A0067,"TEMP BOOTH, OLD TETTEGU"
0302A0068,"PRINCESS NURSERY, MALLAM"
0302A0069,"CATHOLIC CHURCH, MALLAM"
0302A0070,"TEMP BOOTH, KWASHIE ATOM"
0302A0071,"PENTECOST VOCATIONAL TECH, MALLAM"
0302A0072,"PRESBYTERIAN CHURCH, MALLAM"
0302A0073,NEW LIFE PREPARATORY SCHOOL MALLAM
0302A0074,"CHURCH OF PENTECOST, MALLAM"
0302A0075,"ZONGO MOSQUE, MALLAM"
0302A0076,"LIVING FAITH SCH, KOKROKO-MALLAM"
0302A0077,"MALABERT SCH, GBAWE"
0302A0078,"VELOCITY SCH, GBAWE"
0302A0079,"METH PRIM SCH, GBAWE"
0302A0080,"GBAWE INT'L SCH, GBAWE"
0302A0081,PRESBYTERIAN CHURCH GBAWE
0302A0082,"TAXI RANK, BULEMI-GBAWE"
0302A0083,"METHODIST CHURCH, BANK QUARTERS-GBAWE"
0302A0084,"ACROPOLIS SCH, GBAWE"
0302A0085,"LORRY STATION, GONSE DOWN-GBAWE"
0302A0086,"ANSON SNR HIGH SCH, TOP BASE-GBAWE"
0302A0087,"MOUNT ZION NURSERY, NEW GBAWE"
0302A0088,"M. A PRIM. SCH, NEW GBAWE"
0302A0089,"C P LAST STOP, NEW GBAWE"
0302A0090,AGGREY MEMORIAL SCH. NEW GBAWE
0302A0091,"DIVINE ACADEMY, NEW GBAWE"
0302A0092,"GOOD SHEPHERED INT. SCH, NEW GBAWE"
0302A0093,"MENDSKROM MOTEL, MACARTHY HILL"
0302A0094,"REHABILITATION CENTRE, MACARTHY HILL"
0302A0095,"CHURCH OF PENTECOST, MANGO LINE-MACARTHY HILL"
0302A0096,"METHODIST CHURCH, MACARTHY HILL"
0302A0097,"CHURCH OF PENTECOST, WIABOMAN"
0302A0098,"TAXI RANK, MACARTHY HILL TOP"
0302A0099,"M.A JHS, NSUOBRI"
0302A0100,"M.A PRIM SCH, OBOSOMASE"
0302A0101,"M.A PRIM SCH, MMAMPEHIA"
0302A0102,"M.A PRIM SCH, AKWEIMAN"
0302A0103,"M.A PRIM SCH, ASUOM"
0302A0104,"ANGLICAN CHURCH, JEI-KRODUA"
0302A0105,"APOSTOLIC CHURCH, JEI-KRODUA"
0302A0106,"M.A PRIM SCH, FANTEMAYERA"
0302A0107,"M.A PRIM SCH, OBELIAKUA"
0302A0108,"CHIEF'S HOUSE, AFAJATOR"
0302A0109,"M.A PRIM SCH, PANFO"
0302A0110,"COLD STORE, TENBIBIAN"
0302A0111,"CHURCH OF PENTECOST, AGBAZO"
0302A0112,"M.A PRIM SCH, OBOM"
0302A0113,"M.A PRIM SCH, OBO KWASHIE"
0302A0114,"M.A PRIM SCH, ODUMAN-ASUABA"
0302A0115,"DRUG STORE, KOJOMAN"
0302A0116,"NURSERY SCH, OKAIDJAMAN"
0302A0117,"M.A PRIM SCH, FANKYENEKOR"
0302A0118,"M.A PRIM SCH, PAANOR"
0302A0119,"M.A PRIM SCH, KOFI KWEI"
0302A0120,"CHURCH OF PENTECOST, AYIDAN"
0302A0121,METHODIST PRIM SCH DOMEABRA
0302A0122,"GREAT SAS PREP SCH, DOMEABRA"
0302A0123,"TEMP BOOTH, AFADI"
0302A0124,"M.A PRIM SCH, DANCHIRA"
0302A0125,"M.A PRIM SCH, BALAGONNOR"
0302A0126,"M.A PRIM SCH, AMOOMAN"
0302A0127,"M.A PRIM SCH, ASHALAJA"
0302A0128,"HEALTH POST, KWAME ANUM"
0302A0129,"M.A. PRIM SCH, OBAKROWA"
0302A0130,"M.A PRIM SCH, HOBOR"
0302A0131,"CENTRAL MOSQUE, ADIEMBRA"
0302B0001,EBENEZER MEMORIAL SCH. AWOSHIE
0302B0002,"APOSTLE SAFO'S SCH OF SCIENCES, AWOSHIE"
0302B0003,"ODORGONNOR MODEL SCH, AWOSHIE"
0302B0004,"CRUSADE ACADEMY, A-LANG. AWOSHIE"
0302B0005,"MOUNT PLEASANT INT'L SCH, AWOSHIE"
0302B0006,"LORRY STATION, PALLAS TOWN ANYAA"
0302B0007,"DEEPER LIFE JUNCTION, ANYAA"
0302B0008,"TEMP BOOTH, ANYAA"
0302B0009,"CHRISTIAN VALLEY INT SCH, ANYAA"
0302B0010,"M A BASIC SCHOOLS, ANYAA"
0302B0011,"APANFO EXPERIMENTAL SCH, ANYAA"
0302B0012,"MARKET SQUARE, ANYAA"
0302B0013,"NIC, ANYAA"
0302B0014,"RIDGE COMMUNITY SCH, NIC EAST ANYAA"
0302B0015,"YOUNG SOULS SCH, ABLEKUMA"
0302B0016,"ABIBIMAN SCH FAN MILK, ABLEKUMA"
0302B0017,"ZOE PREP SCH, ABLEKUMA"
0302B0018,RIT'S ACADEMY SCHOOL OLUBU
0302B0019,VICOLIS SCHOOL OLUBU
0302B0020,ANGLICAN PRIM SCH ABLEKUMA
0302B0021,NICOBETH SCHOOL ABLEKUMA
0302B0022,LORRY STATION NEW TOWN ABLEKUMA
0302B0023,"MARKATE PREP SCH, PENTECOST DOWN-ABLEKUMA"
0302B0024,"VICTORY SCHOOL, ABLEKUMA"
0302B0025,"LORRY STATION, GONSE AGAPE"
0302B0026,"FUTURE LINK PREP SCH, SANTA MARIA"
0302B0027,"B-KONTONKYI PREP SCH, SANTA MARIA"
0302B0028,ANCHOR OF HOPE PREP SCH SANTA MARIA
0302B0029,"SANTA MARIA SCHOOL COMPLEX, SANTA MARIA"
0302B0030,"BLUE KIOSK, ANTE ANKU"
0302B0031,"STEPHENSON INT'L SCH, SANTA MARIA"
0302B0032,"LAST STOP, SOWUTUOM"
0302B0033,"CHRIST PREACHERS CHURCH, SOWUTUOM"
0302B0034,"GOLDEN ERA SCH, SOWUTUOM"
0302B0035,"ADU GYAMFI SCH, SOWUTUOM"
0302B0036,"MY REDEEMER SCH, SOWUTUOM"
0302B0037,"PENTECOST UNIVERSITY COLLEGE, SOWUTUOM"
0302B0038,"LORRY STATION, LOMNAVA"
0302B0039,"CATHOLIC SEMINARY, LOMNAVA"
0302B0040,"LIBERTY SCHOOL, LOMNAVA"
0302B0041,"VICTORY PREP SCH, LOMNAVA"
0302B0042,"LORRY STATION, ISRAEL"
0302B0043,"SALVATION ARMY, CHANTAN"
0302B0044,"THE SAVIOUR CHURCH, TABORA"
0302B0045,"THE APOSTOLIC CHURCH, NII OKAIMAN"
0302B0046,"FAITH PREP SCH, NII OKAIMAN"
0302B0047,"LIVING SPRING PREP SCH, TABORA"
0302B0048,"BETHEL FOUNDATION CHURCH, NII OKAIMAN"
0302B0049,"KINGDOM OF PRAYER CHURCH, ALHAJI"
0302B0050,"COSMOS PRIM SCH, CHANTAN"
0302B0051,"PRESBYTERIAN CHURCH, CHANTAN"
0302B0052,"CHURCH OF PENTECOST, CHANTAN"
0302B0053,"ALSWELL INT'L SCH, CHANTAN"
0302B0054,"KUBINSON INTERNATIONAL SCH, KWASHIE BU"
0302B0055,"RECT ACADEMY, KWASHIE BU"
0302B0056,"OPTIMIST SCHOOL, KWASHIE BU"
0302B0057,"DAM LYCEUM, KWASHIE BU"
0302B0058,"E P CHURCH, KWASHIE BU"
0302B0059,"TROTRO STATION RACE COURSE, KWASHIE BU"
0303-0001,PRESBY PRIM SCH ABOKOBI
0303-0002,KLOKOTO CHIEF PALACE
0303-0003,SDA CHURCH SESEMI
0303-0004,DAY CARE CENTRE AKPORMAN
0303-0005,HOLY GABRIEL HEALING CHURCH BOI
0303-0006,D C PRIM SCH ADENKLEBI
0303-0007,ASSEMBLIES OF GOD ABOKOBI- ADANSE
0303-0008,ABOKOBI WOMEN DEVT. TRAINING CENTRE
0303-0009,ABLADJEI OPPOSITE WELDER
0303-0010,E P CHURCH ABLADJEI NEW SITE
0303-0011,PRESBY CHURCH PARAKUO
0303-0012,ASCENSION PRESBY CHURCH AGBOGBA
0303-0013,CHRIST APOSTOLIC CHURCH INTER. AGBOGBA
0303-0014,D C PRIMAR SCHOOL AGBOGBA NO 1
0303-0015,D A PRIMARY SCHOOL OLD ASHONGMAN NO 1
0303-0016,EUNICHARLES INT SCH NEW AGBOGBA
0303-0017,APOSTOLIC CHURCH SUN CITY
0303-0018,WISCONSIN UNIVERSITY COLLEGE HAATSO
0303-0019,HARRIS BAPTIST CHAPEL HAATSO
0303-0020,ANGLICAN CHURCH HAATSO NO 1
0303-0021,CALVARY PRESBY PRIM SCH HAATSO NO 1
0303-0022,UNITY ASSEMBLIES OF GOD HAATSO
0303-0023,AMAZING FAITH PREP SCH HAATSO
0303-0024,DEEPER LIFE CHURCH PAAPAO
0303-0025,ST ELIZABETH PREP SCH WEST LEGON
0303-0026,"MOVERS COURT, HAATSO"
0303-0027,NAT RABBIT PROJECT SITE
0303-0028,D C PRIM SCHOOL ATOMIC
0303-0029,HOUSE OF PRAISE MINISTRY
0303-0030,SOUL CARE ASSEM OF GOD FREETOWN
0303-0031,NOVELTY ACADEMY ASHONGMAN
0303-0032,ATOMIC HILL DEMONSTRATION SCH NO 1 ASH EST.
0303-0033,BETHEL PRAYER CAMP
0303-0034,CHURCH OF PENTECOST MUSUKO
0303-0035,SHAMMAH ASSEM OF GOD ASHONGMAN EST
0303-0036,OFORIKROM AMUSING CENTRE
0303-0037,CECILIA INT SCHOOL NARHMAN
0303-0038,GILGAL PRESBY CHURCH MUSUKO
0303-0039,SKY HIGH PEP SCHOOL  ASHONGMAN
0303-0040,D/C PRIM SCH KWABENYA NO 1
0303-0041,CHRIST ALONE CHAPEL ADJEI MANKATA
0303-0042,BALLON GATE KWABENYA
0303-0043,"GLOBAL EVANG CHURCH, MUSUKO"
0303-0044,THE LORDS PENTECOSTAL CHURCH KWABENYA
0303-0045,ANGLICAN PRIMARY SCHOOL NO 1 DOME
0303-0046,PECULIER PEOPLES CHURCH NO 1 DOME
0303-0047,PERFECT PREPARYTORY SCHOOL DOME NO 2
0303-0048,TRINITY ACADEMY DOME NO1
0303-0049,HIGH PRIEST ACADAMY DOME NO 1
0303-0050,NEW FOUNTAIN ERODITE ACADEMY DOME OKO
0303-0051,PRESBY CHURCH OKO NO 1
0303-0052,WEST AFRICAN HARDWARE NEW ACHIMOTA
0303-0053,POWER CHAPEL NEW ACHIMOTA
0303-0054,PARADISE CHILDREN ACADEMY DOME
0303-0055,SOUL WINNING ASSEMBLIES OF GOD DOME PILLA 2
0303-0056,ST JOSEPH PREPARATORY SCHOOL
0303-0057,GLORY OF ZION PREPARATORY SCHOOL
0303-0058,ROYAL DAIDEN NURSARY SCH DOME NO 1
0303-0059,GARDEN OF EDEN NURSARY SCHOOL
0303-0060,CHURCH OF PENTECOST DOME NO 1
0303-0061,GREENHILL J H S DOME
0303-0062,APOSTOLIC CHURCH AYIGBE TOWN
0303-0063,"NEW LIGHT GOSPEL CHURCH, DOME"
0303-0064,STAR OF THE EAST PREP SCH TAIFA
0303-0065,CHRIST APOSTOLIC CHURCH TAIFA
0303-0066,PRESBY CHURCH TAIFA NO 1
0303-0067,NEW CITY LODGE TAIFA
0303-0068,LIFE WAY CHAPEL TAIFA
0303-0069,TAIFA COMMUNITY SCHOOL
0303-0070,BETHEL ASSOCIATION PREP SCH TAIFA NO 1
0303-0071,ROMAN CATHOLIC SCH TAIFA NO 1
0303-0072,"APOSTOLIC CHURCH NKATEI BURGER, TAIFA"
0303-0073,WHITE DOVE PREP SCH TAIFA
0303-0074,CHURCH OF PENTECOST CENTRAL TAIFA NO 1
0303-0075,EBENEZER PREP SCH TAIFA
0303-0076,CHURCH OF CHRIST TAIFA
0303-0077,DUNAMIS ASSEMBLIES OF GOD TAIFA
0303-0078,TAXI RANK TAIFA NO 1
0303-0079,SALEM PRESBY CHURCH TAIFA
0303A0001,"AYIMENSAH,OPPOSITE TOLL BOOTH"
0303A0002,D C PRIMARY SCHOOL KWEIMAN
0303A0003,METHODIST PRIMARY SCHOOL NO 1 DANFA
0303A0004,D C PRIMARY SCHOOL ADOTEIMAN
0303A0005,D C PRIMARY SCHOOL OTINIBI
0303A0006,PRESBY PRIM. SCH OYARIFA
0303A0007,R C PRIM.SCH TEIMAN
0303A0008,"ROYAL COMMUNITY SCHOOL, OWUSU-ANSAH"
0303A0009,"ASSEMBLIES OF GOD, KPONKPO"
0303A0010,D C PRIM. SCH.PANTANG
0303A0011,GREAT END ACADEMY
0303A0012,ELIM SENIOR HIGH SCH WEST ADENTA
0303A0013,E.P. CHUCRH WEST ADENTA
0303A0014,CHURCH OF PENT. WEST ADENTA
0303A0015,NADAT MEMORAL SCH. WEST ADENTA
0303A0016,WEST AFRICA SENIOR HIGH SCH. W/ADENTA NO. 1
0303A0017,CROWN COLLEGE SAKORA WEST ADENTA
0303A0018,"KAF INT SCHOOL, PANTANG JUNCTION"
0303A0019,REDCO PRIM. SCH. MADINA
0303A0020,FAITH COMMUNITY SCH. MAD. ZONGO NO.1
0303A0021,PRESBY CHURCH MADINA ZONGO NO.1
0303A0022,UMAR BUN HATAB SCH.MAD. ZONGO NO.1
0303A0023,GINA INT. SCH. PRIM LYBIA QUARTERS
0303A0024,"AMERICAN MAN MOSQUE, MADINA UN"
0303A0025,ADONAI E  P CHURCH OF GHANA N/LEGON NO.1
0303A0026,ST BARNABAS CATHOLIC CHURCH NORTH LEGON
0303A0027,IN GOD WE TRUST PREP SCH NORTH LEGON
0303A0028,R.C QUEEN OF PEACE PRIM. SCH. MADINA
0303A0029,"MORA INTERNATIONAL SCHOOL, MADINA NO.1"
0303A0030,"NEW APOSTOLIC CHURCH, MADINA"
0303A0031,D.C.2 PRIMARY SCHOOL MADINA
0303A0032,PRESEC STAFF 'A' PRIM. SCH. MADINA
0303A0033,FIRESTONE PENT. ASSOC. SCH. MADINA
0303A0034,INST. OF PROFESSIONAL STUDIES
0303A0035,MADINA 1 PRIMARY. SCH. MADINANO.1
0303A0036,"E.P.CHURCH TRINITY PARISH, MADINA"
0303A0037,"GRACE OUTREACH CHURCH, MADINA"
0303A0038,SDA PRIMARY SCHOOL MADINA
0303A0039,PRINCE OF PEACE ACADEMY MADINA
0303A0040,GOSPEL J.H.S. MADINA ESTATE
0303A0041,LOCAL GOVT TRAINING SCHOOL MADINA
0303A0042,MADINA ESTATE JHS
0303A0043,SOCIAL WELFARE SCHOOL MADINA NO 1
0303A0044,D C PRIM SCH NKWANTANANG
0303A0045,"SUB-DISTRICT OFFICE, MADINA NO. 1"
0303A0046,RITZ HOTEL MADINA NO 1
0303A0047,POKUA NURSERY MADINA NO 1
0303A0048,ISLAMIC J H S MADINA
0303A0049,JEMCOL MADINA
0303A0050,FIRM FOUNDATION SCHOOL MADINA
0303A0051,"CHRIST THE SAVIOR, MADINA"
0303A0052,ST. PETERS MISSION PREP SCH MADINA
0303A0053,CHURCH OF PENTECOST BETHEL MADINA
0304-0001,TWEDAASE J.H.S N01
0304-0002,MUN.DAY CARE CENTRE
0304-0003,PADMORE ST N01 PRIM SCH N01A
0304-0004,COMM. 1 POLICE BARRACKS
0304-0005,MANTE DIN DRIVE N01 PRIM SCH N01
0304-0006,ANGLICAN PRIM SCH.A
0304-0007,RAHAMANIYA ISLAMIC SCH N0.1A
0304-0008,PRESBY CHURCH 'A' COMM.1 TEMA
0304-0009,ONINKU DRIVE J.H.S N0.1A
0304-0010,ONINKU DRIVE N0.2 PRIM SCH N0.1A
0304-0011,CHEMU SEC. SCHOOL 'N01'
0304-0012,VALCO RESOURCE CENTRE'N01'
0304-0013,G.T.P PRIM SCHOOL N01A
0304-0014,REPUBLIC ROAD NO1 PRIM SCH NO 1
0304-0015,KAMARIYA ISLAMIC SCH.N0.1
0304-0016,TEMA ROYAL PREPARATORY SCH.N0.1
0304-0017,DATUS PREPARATORY SCH.NO.1
0304-0018,TEMA JOINT CHURCH COMM.7
0304-0019,COMMUNITY 8 N03 J.H.S N01
0304-0020,TOR CLUB HOUSE C8
0304-0021,COMMUNITY 8 N01 PRIM SCH.N01
0304-0022,REDEMPTION VALLEY N01 PRIM SCH.N01
0304-0023,"PRESBY CHURCH,C 9"
0304-0024,NAVAL BASE PUBLIC NURSERY NO 1A
0304-0025,ANGLICAN PRIM SCH NO 1A
0304-0026,MANHEAN COMMUNITY PRIM SCH
0304-0027,TOWN COUNCIL LINE T.M.A WORKSHOP A
0304-0028,ANGLICAN J.H.S
0304-0029,ST.PETER'S CATH.PRIM SCH 'A'
0304-0030,PRESBY CHURCH TEMA NEW-TOWN ''A''
0304-0031,MANHEAN J.H.S 'A'
0304-0032,MANHEAN SEC. TECH.SCHOOL 'A'
0304-0033,ADJETEY ANSAH J.H.S 'A'
0304-0034,S.D.A J.H.S N01 BANKUMAN SOUTH
0304-0035,KAMPRESCO PRIMARY SCHOOL
0304-0036,TEMA HAPPY HOME SCHOOLCOMPLEX
0304-0037,ST'JOHN'S METHODIST PRIM SCHOOL N01
0304-0038,THE GRACE AND TRUTH EVANGELICAL CHURCH MINISTRY
0304-0039,L/A METHODIST PRIMARY SCHOOL N0 1A
0304-0040,L/A METHODIST PRIMARY SCHOOL N0.2A
0304-0041,L/A METHODIST PRIMARY SCHOOL N0 2B
0304-0042,L/A METHODIST PRIMARY SCHOOL N0.3A
0304-0043,COMM.2 POLICE BARRACKS
0304-0044,MEXICO.J.H.S N02
0304-0045,TEMA PARENT ASSOCIATION PREP.SCHOOL
0304-0046,MEXICO PRIM SCHOOL N0.1
0304-0047,CHURCH OF PENTECOST C.3 (SITE A)
0304-0048,GNPC BLOCK COMM.3
0304-0049,LUTHERAN PRIM SCHOOL N0.1
0304-0050,AGGREY ROAD J.H.S N0.1
0304-0051,AGGREY ROAD 1and3 PRIM N0.1
0304-0052,T.D.C RENT OFFICE
0304-0053,TEMA SEC.SCHOOL
0304-0054,STAR KG/PREP SCHOOL
0304-0055,TEMA PARENT J.H.S C.6
0304-0056,S.D.A NAYLOR
0304-0057,C.11 SCHOOL COMPLEX N0.1
0304-0058,OLD MEDASS C.11
0304-0059,PRESEC COMM.11 N0.1
0304-0060,FULL GOSPEL CHURCH COMM.12
0304-0061,T.M.A J.H.S SAKUMONO VILLAGE
0304-0062,PRESBY CHURCH SAKUMONO VILLAGE N0.1
0304-0063,BETHEL DAY NURSERY SAKUMONO EST.NO.1
0304-0064,HOLY CHILD NURS. SAKUMONO ESTATE
0304-0065,SAKUMONO ESTATE PRESBY CHURCH
0304-0066,SAKUMONO ESTATE POLICE STATION
0304-0067,CHRIST FOUNDATION FAMILY CHURCH
0304-0068,COASTAL INTERNATIONAL SCHOOL 1
0304-0069,ACCRA RIDGE CHURCH BAATSONAA (MANET CHAPEL)
0304-0070,PAROUSIA CONGREGATION PREBY CHURCH BAATSONAA
0304-0071,T M A PRIMARY SCHOOL KOTOBAABI NO 2
0304-0072,BAPTIST INTERNATIONAL CAMBODIA (KOTOBABI)
0304-0073,I C G C (A)
0304-0074,GOOD SHEPHERD E P CHURCH LASHIBI
0304-0075,ST.JAMES PRIM.SCHOOL.NEW LASHIBI C.17 NO.1
0304-0076,CHURCH OF PENTECOST JOY ASSEMBLY
0304-0077,CORPUS CHRISTIE JHS COMM.18 (A)
0304-0078,REGIMANUEL GRAY SITE 19
0304-0079,ROMAN CATH PRIM SCH COMM 20
0304-0080,TMA PRIM SCH KLA-GON
0304-0081,KLA-GON BASIC SCHOOL
0304-0082,TMA PRIM.SCHOOL ADJEI-KOJO
0304-0083,STATE SCHOOL FOR THE DEAF
0304-0084,BIBLE BELIEVERS FELLOSHIP (BBFC)
0304-0085,"ROMAN CATHOLIC CHURCH,SUNCITY"
0304-0086,KANAWU PRIMARY SCHOOL
0304-0087,FARM CANTEEN BORTEYMAN
0304A0001,"VALLEY VIEW UNIVERSITY, OYIBI"
0304A0002,TMA JHS OYIBI
0304A0003,COMMUNITY CENTRE OLD SAASABI
0304A0004,SEDUASE DAY CARE CENTRE
0304A0005,PRESBYTERIAN PRIMARY SCH BAWALESHIE
0304A0006,APOSTOLOC CHURCH NMANOMAH
0304A0007,METHODIST PRIMARY SCHOOL APOLLONIA
0304A0008,PRESBYTERIAN PRIMARY SCHOOL KATAMANSO
0304A0009,TMA DAY CARE SANTEO
0304A0010,PRESBY JHS KATAMANSO
0304A0011,"ASSEMBLIES OF GOD CHURCH, KUBEKRO"
0304A0012,TMA PRIMARY SCHOOL ZENU
0304A0013,METHODIST CHURCH ZENU
0304A0014,DIVINE HEALERS CHURCH KUBEKRO N0.1
0304A0015,KONKYIKOPE EBENEZER METH CHURCH ZENU
0304A0016,RIDOANA PREP SCHOOL ZENU
0304A0017,APOSTOLIC REVELATION KAKASONANKA N0.1
0304A0018,S.O.S SCHOOL KAKASONANKA N0.1
0304A0019,GARRISON PRIMARY SCH MICHEL CAMP N0.1
0304A0020,MICHEL CAMP JHS
0304A0021,AIRPORT INT.SCH BETHLEHEM
0304A0022,STAR OF BETHLEHEM
0304A0023,CHURCH OF PENTECOST COMM 25
0304A0024,"ASSEMBLIES OF GOD CHURCH , FREETOWN"
0304A0025,TMA PRIMARY SCH. N0.1 NEW SEBREKPOR
0304A0026,"ASSEMBLIES OF GOD CHURCH, ATAA SAKI"
0304A0027,CALYPSO INN KPONE BARRIER
0304A0028,NOBLE KIDS ACADEMY MLITSAKPO
0304A0029,"31ST DEC, DAY CARE CENTRE, GBETSELI"
0304A0030,BUZZY KIDS NURSERY
0304A0031,"METHODIST CH, KPONE"
0304A0032,TMA PRESBY JHS KPONE
0304A0033,TMA PRIMARY SCHOOL KPOI-ETE
0304A0034,"METHODIST PRIMARY, SCH, KPONE"
0304A0035,CHRIST APOSTOLIC CHURCH INT (CAC) N0.2
0304A0036,"PARVATI SCH COMPLEX, HAANAA"
0304B0001,AFRICAN ADVANCE TECH/ PRIM.SCH NO1
0304B0002,BLESSED CLEMENTINA ROMAN CATH PRIM SCH
0304B0003,NURUMUSTAFIA PRIM/JHS
0304B0004,MARTS ACADEMY NO1
0304B0005,E P PRIM SCH NO1
0304B0006,ROCKY SOCIAL CENTRE
0304B0007,JEHOVAH WITNESS KINGDOM HALL NO1
0304B0008,PRESBYERIAN JHS
0304B0009,MAIN STATION MOSQUE
0304B0010,ANCOM GUEST HOUSE NO1
0304B0011,WETA UNION NO1
0304B0012,ASHAIMAN NO1 PRIM SCH NO1
0304B0013,ASHAIMAN NO1 JHS NO1
0304B0014,ST JONAS SCHOOL COMPLEX
0304B0015,TSODELEME SOCIETY
0304B0016,CHRISTIAN LIFE ANNOINTED CHURCH
0304B0017,FUTURE SCHOLARS INTERNATIONAL SCHOOL
0304B0018,NOKATEX SCHOOL COMPLEX
0304B0019,ASHAIMAN SHS
0304B0020,KLIKOR ASSOCIATION CENTRE
0304B0021,ST PETER METH PRIM SCH NO1
0304B0022,FUTURE LEADERS ACADEMY
0304B0023,ST MARY INTERNATIONAL SCHOOL NO1
0304B0024,MANMOMO ZONAL COUNCIL
0304B0025,GREAT COUNSELOR PREPARATORY SCHOOL
0304B0026,LEADS PREPARATORY SCHOOL NO1
0304B0027,ROMAN CATH PRIM SCHOOL NO1
0304B0028,SOLDARITY JHS NO1
0304B0029,VETISCO INTERNATIONAL SCHOOL
0304B0030,OLD KWAKWADUAM NO 1
0304B0031,STREAMS OF LIFE SCHOOL
0304B0032,AMPRESS (ANDRE) MEMORIAL SCHOOL ZONE1
0304B0033,BETHEL SCH COMPLEX
0304B0034,AGYIRI NYARKO SCHOOL COMPLEX NO1
0304B0035,FAITH NURSERY SCHOOL ZONE 2
0304B0036,ROCK FOUNDATION PREP.SCHOOL
0304B0037,ST LUKE CATHOLIC CHURCH
0304B0038,HOLY CHILD SCHOOL COMPLEX
0304B0039,LEADS PREPARATORY SCHOOL
0304B0040,MARTIN LUTHER KING PREP SCH NO1
0304B0041,MANDELA HIGH SCHOOL
0304B0042,AGAPE SCHOOL COMPLEX
0304B0043,NII AMUI PRIMARY SCHOOL NO 1
0304B0044,CHARLES WESLEY METHODIST CHURCH
0304B0045,ST GINA INTERNATIONAL SCHOOL
0304B0046,STAR LIGHT JHS
0304B0047,CHRIST ACTION NO 2 PRIM SCH
0304B0048,EBENEZER PARISH SCHOOL COMPLEX
0304B0049,INTERNATIONAL CENTRAL GOSPEL CHURCH  (I.C.G.C.)
0304C0001,"ADMA BASIC SCHOOL, ADJIRINGANOR"
0304C0002,KAY BILLIE KLAER SCHOOL
0304C0003,"PRESBY CHURCH, TESA"
0304C0004,METHODIST VOCATIONAL CENTRE
0304C0005,"ISLAMIC UNIVERSITY, OTANOR"
0304C0006,"PRESBY SCHOOL, OTANOR"
0304C0007,"LEARNING SKILLS CENTRE, BUILDAF ESTATES"
0304C0008,NII SOWAH DIN BASIC SCHOOL NMAI DZORN
0304C0009,UNIVERSITY FARM CANTEEN
0304C0010,"PRESBY CHURCH (JORDAN CONGREGATION), NMAI DZORN"
0304C0011,PRESBY CHURCH ASHARLEY BOTWE OLD TOWN 1
0304C0012,PRESBY CHURCH ASHARLEY BOTWE OLD TOWN 2
0304C0013,"CHURCH OF CHRIST, SRAHA"
0304C0014,EVANGELICAL PRESBY CHURCH
0304C0015,ST. CECILIA SCHOOL COMPLEX
0304C0016,PRESBY DAY NURSERY OGBOJO 1
0304C0017,OGBOJO NEW MARKET
0304C0018,"ROYAL RISING STAR SCHOOL, JEN AYOR"
0304C0019,SPRING OF LIFE INT SCHOOL
0304C0020,LITTLE ROSES SCHOOL
0304C0021,HARAMAIN CENTRAL MOSQUE NANA KROM
0304C0022,ADMA OFFICE 1
0304C0023,ADMA OFFICE 2
0304C0024,ADENTAN COMMUNITY SCHOOL COMPLEX 2
0304C0025,PRESBY CHURCH OLD FRAFRAHA
0304C0026,MOTHER LOVE HOSPITAL
0304C0027,ADENTAN BARRIER POLICE STATION
0304C0028,ROMAN CATHOLIC PRIMARY SCHOOL
0304C0029,TOT-TO-TEEN SCHOOL
0304C0030,"CHURCH OF PENTECOST, AVIATION"
0304C0031,GIROMOND MONTESSORI SCHOOL
0304C0032,SUNBEAM J H S HOUSING DOWN
0304C0033,"CHURCH OF PENTECOST, LION OF JUDAH ASSEMBLY"
0304C0034,EDBEK ACADEMY HOUSING DOWN
0304C0035,"ICODEHS ISLAMIC SCHOOL, NEW ADENTAN 1"
0304C0036,MERCY ISLAMIC SCHOOL
0304C0037,LAKESIDE POLICE STATION
0304C0038,"BIBLE WAY MINISTRIES, HOUSING DOWN"
0304C0039,VINEYARD CHAPEL
0304C0040,NEW LEGON INTERNATIONAL SCHOOL
0304C0041,LARRIES ACADEMY
0304C0042,LIVING STAR PRIM. SCH. AMPOMAH VILLAGE
0304C0043,ZONTA DAYCARE AMANFRO
0304C0044,INTER. NEEDS PRIM. SCHOOL AMRAHIA 1
0304C0045,MARLEYDJOR COMMUNITY CENTRE
0305A0001,PENTECOST CHURCH SOTA
0305A0002,DC PRIMARY SCHOOL ODUMSE
0305A0003,POST OFFICE DWAMOMO DODOWA
0305A0004,METHODIST PRIMARY SCHOOL COLEMAN DODOWA
0305A0005,PRESBY PRIMARY SCHOOL MANYAYITI DODOWA
0305A0006,PRESBY CHURCH DODOWA
0305A0007,PRESBY BOYS SCHOOL CHEBITENYA DODOWA
0305A0008,PUBLIC SHOP HIEWE-GBLAKAPIEM DODOWA
0305A0009,ICCES MATETSE DODOWA
0305A0010,FULL GOSPEL CH ODUMASE DODOWA
0305A0011,DC JHS AYIKUMA
0305A0012,PRESBY PRIMARY SCHOOL LENOM - AGOMEDA
0305A0013,D/C PRIM. SCH. LORLORVOR
0305A0014,DIVINE HEALING CHURCH MAGBEIEM
0305A0015,D/C PRIMARY SCH.ANSA-WEM
0305A0016,D/C JHS DEDENYA
0305A0017,D/CPRIM SCHOOL MAMPONG - SHAI
0305A0018,DIVINE HEALING CHURCH TEIJE - DORYUMU
0305A0019,L/A PRIM SCH LUOM
0305A0020,R/C SCHOOL OSUWEM
0305A0021,L/A PRIM SCH HUAPA
0305A0022,D/A PRIM SCH AGBEKOTSEKPO
0305A0023,R/C PRIM SCH DJORKPO
0305A0024,L/A PRIM SCH KLEBUSE
0305A0025,R/C PRIM SCH LUBUSE
0305A0026,PRESBY PRIM SCH KORTOKOR
0305A0027,L A PRIM SCH KEWUM
0305A0028,R/C PRIM SCH NORTH DORM
0305A0029,KIP CONFERENCE HALL ESTATE
0305A0030,R/C PRIM SCH KADZANYA
0305A0031,CHPS COMPOUND NATRIKU
0305B0001,APOLSTOLIC CHURCH OTCHEBLEKU
0305B0002,METH PRIM SCH MOBOLE
0305B0003,YOUTH LEADERSHIP TRAINING AFIENYA
0305B0004,D/C PRIM SCH SCH (1) AFIENYA
0305B0005,AFIENYA ZONGO
0305B0006,ASS OF GOD CHURCH NEW JERUSALEM
0305B0007,D/C PRIM MATAHEKO
0305B0008,METH SEN SEC/TECH NEW DAWHENYA
0305B0009,METH PRIM SCH 1 DAWHENYA
0305B0010,SENIOR HIGH SEC SCH MIOTSO
0305B0011,PRESBY CHURCH DAWHENYA
0305B0012,DANGME LOCAL COUNCIL PRAMPRAM
0305B0013,METH PRIM SCH 1 PRAMPRAM
0305B0014,ANGLICAN JHS PRAMPRAM
0305B0015,ANGLICAN PRIM SCH PRAMPRAM
0305B0016,TOWN PLANNING OFFICE 1 PRAMPRAM
0305B0017,TOWN PLANNING OFFICE 2 PRAMPRAM
0305B0018,PRESBY PRIM SCH 1 OLD NINGO
0305B0019,TRAD COUNCIL OFFICE OLD NINGO
0305B0020,PRESBY BASIC 1 KABIAWE OLD NINGO
0305B0021,DZIDAS CINEMA HALL 1 OLD NINGO
0305B0022,D/C PRIM SCH NYIGBENYA
0305B0023,D/C PRIM SCH KPATSERE MEDOR
0305B0024,D/C PRIM SCH 1 NEW NINGO
0305B0025,D/C PRIM SCH LAPLEKU
0305B0026,D/C PRIM SCH AHWIAM
0305B0027,D/C PRIM SCH MANGO TSONYA
0305B0028,L/A PRIM SCH AYETEPA
0305B0029,D/C JHS 1 LERKPOGUNOR
0305B0030,MAYEKOOM CHRISTIAN CHURCH LEWEN
0305B0031,PRESBY PRIM SCH DAWA
0305B0032,D/A PRIM SCH MINYA
0306A0001,PRESBY PRIMARY SCHOOL SEGE
0306A0002,COURT YARD SEGE
0306A0003,DC PRIMARY SCH LUTA
0306A0004,NAKOMKOPE DC PRIMARY SCHOOL
0306A0005,PRESBY PRIMARY BONIKOPE
0306A0006,ADJUMANKOPE PRIMARY SCHOOL
0306A0007,PRESBY PRIMARY SCHOOL TOFLOKPO
0306A0008,SALOM PRESBY PRIMARY
0306A0009,J H S MATSEKOPE
0306A0010,RC PRIMARY KORLUEDOR
0306A0011,DC PRIMARY MADAVUNU
0306A0012,J H S HWAKPO
0306A0013,DC PRIMARY AFIADENYIGBA
0306A0014,DC PRIMARY ENGLESI
0306A0015,APOSTOLIC CHURCH  ADITCHIREKOPE
0306A0016,DC PRIMARY CAESARKOPE
0306A0017,AGBENYEGAKOPE SCHOOL
0306A0018,MANGOASE D/C PRIMARY
0306A0019,DC PRIMARY WOKUMAGBE 1
0306A0020,DC PRIMARY AKPLABANYA
0306A0021,CHRISTIAN FAITH CHURCH ANYAMAM
0306A0022,DC PRIMARY GOI CENTRAL
0306A0023,CHURCH OF PENTECOST GOI EAST
0306A0024,DC PRIMARY LOLONYA 1
0306A0025,KPORTSITSEKOPE PRIMARY SCHOOL
0301B0001,NYAMEKYE PENTECOST CHURCH NO 2 DARKUMAN
0301B0002,CHURCH OF PENTECOST ENGLISH ASSEMBLY DARKUMAN
0301B0003,E P CHURCH ODORKOR OFFICIAL TOWN
0301B0004,GOD FIRST INTERNATIONAL SCHOOL DARKUMAN
0301B0005,BETHEL PENTECOST CHURCH DARKUMAN OFFICIAL TOWN
0301B0006,S D A CHURCH DARKUMAN
0301B0007,MATOAS PREP SCHOOL DARKUMAN
0301B0008,MERCY THRONE CHAPEL DARKUMAN
0301B0009,CHRIST EBENEZER PREP SCHOOL DARKUMAN
0301B0010,CHRISTIAN PREP SCH DARKUMAN
0301B0011,CHURCH OF PENTECOST MIZPAH ASSEMBLY DARKUMAN ZONGO
0301B0012,FATIMATU BINTU RASUL INT SCH DARKUMAN
,
0301B0013,METH PRIM SCH DARKUMAN
0301B0014,METH CHURCH DARKUMAN
0301B0015,NURIYA ARABIC and ENGLISH SCH DARKUMAN
0301B0016,PRESBYTERIAN CHURCH DARKUMAN
0301B0017,CHURCH OF PENTECOST DARKUMAN
0301B0018,OLD BRISCO CINEMA PALACE DARKUMAN
0301B0019,AFROPA HOUSE DARKUMAN
,
0301B0020,KWASHIEMAN 1 and 2 PRIM SCH KWASHIEMAN (1)
0301B0021,GREAT GARDEN HOTEL KWASHIEMAN
0301B0022,THE LORDS REVIVAL MIRACLE CHURCH KWASHIEMAN
0301B0023,EBENEZER TEMPLE UNITED PENTECOSTAL CHURCH KWASHIEM
0301B0024,GOD IS KING EARLY CHILHOOD DEV CENTRE
0301B0025,ANNSCO PREP SCH ODORKOR OFFICIAL TOWN
0301B0026,HONG KONG CINEMAN OFFICIAL TOWN
0301B0027,PENTECOST CHURCH KWASHIEMAN OFFICIAL TOWN
0301B0028,MACEDONIA METH CHURCH KWASHIEMAN
0301B0029,ODORKOR J H S KWASHIEMAN
0301B0030,KWASHIEMAN SQUARE KWASHEIMAN
,
0301B0031,CHRIST MISSION INTERNATIONAL SCHOOL KWASHIEMAN (1)
0301B0032,OLD FAITH EVANGELICAL CHURCH AWOSHIE
0301B0033,RESURRECTION POWER LIVING BREAD  AWOSHIE
0301B0034,CHRIST JESUS EDUCATION AWOSHIE (1)
0301B0035,MARSCO INTERNATINAL SCHOOL KWASHIEMAN
0301B0036,LIVING SPRING DAY NURSERY. KWASHIEBU
0301B0037,MACCARTHY HILL JHS. AWOSHIE 1
0301B0038,ASIEDU GYEDU MEMORIAL SCHOOL. AWOSHIE
0301B0039,FAITHWAY INTERNATIONAL SCHOOL AWOSHIE
0301B0040,APOSTOLIC CHURCH BETHEL ASSEMBLY AWOSHIE
0301B0041,THE LORDS PENTECOSTAL CHURCH. KWASHIE BU
,
0301B0042,PRESBY CHURCH ODORKOR (1)
0301B0043,APOSTOLIC CHURCH.ODORKOR 2
0301B0044,PENTECOST PRESS LIMITED. ODORKOR
0301B0045,CHURCH OF PENTECOST NORTH ODORKOR 1
0301B0046,ASOMDWEE MATERNITY HOME. ODORKOR
0301B0047,METHODIST CHURCH. ODORKOR
0301B0048,TIPPER STATION. ODORKOR
0301B0049,RADIANTWAY PREPARATORY SCHOOL NORTH ODORKOR
0301B0050,CHRIST HEALING TEMPLE  ODORKOR
0301B0051,FAITH EVANGELICAL CHURCH ODORKOR
0301B0052,ODORKOR 2 PRIMARY SCHOOL ODORKOR
0301B0053,ROCKY HOSPITAL ODORKOR
,
0301B0054,ASSEMBLIES OF GOD SOUTH ODORKOR
0301B0055,LIGHT OF GOSPEL MIRACLE CHAPEL TWEREBOA
0301B0056,SOUTH ODORKOR 4 and 5 SCHOOL ODORKOR
0301B0057,PENTECOST CHURCH TWEREBOA
0301B0058,CHURCH OF GOD PROPHECY ODORKOR
0301B0059,GLORY LAND HOTEL ODORKOR (1)
0301B0060,MUSAMA DISCO CHRISTO CHURCH ODORKOR MACLEAN
0301B0061,ACCRA INTERNATIONAL SCH SOUTH ODORKOR
0301B0062,SUNBEAN INTERNATIONAL SCH SOUTH ODORKOR
0301B0063,HINDU MONASTERY ODORKOR(1)
0301B0064,EBENEZER DAY CARE CENTRE ODORKOR (1)
0301B0065,ST ANTHONY PREP SCH SOUTH ODORKOR (1)
0301B0066,WESLEY GRAMMAR SEC SCH MAIN GATE NORTH AKWEI BU
0301B0067,UNITED PENTECOSTAL CHURCH ASOREDANHO
,
0301B0068,ROMAN CATH CHURCH BUSIA JUNCTION ODORKOR
0301B0069,TANTUA INTERNATIONAL SCHOOL SAKAMAN
0301B0070,PENTECOSTAL MISSION NURSERY SAKAMAN
0301B0071,BETHEL BAPTIST CHURCH SAKAMAN
0301B0072,CHURCH OF PENTECOST ODORKOR
0301B0073,NARODA INDUSTRIES SAKAMAN
0301B0074,LEVEL II HOTEL SAKAMAN
,
0301B0075,PRESBY CHURCH ABOSSEY OKAI
0301B0076,ABOSSEY OKAI POLICE BARRACKS ABOSSEY OKAI
0301B0077,CENTRAL MOSQUE ABOSSEY OKAI
0301B0078,NATECO TECHNICAL SCH. ABOSSEY OKAI
0301B0079,MERCY DAY CARE CENTRE ABOSSEY
0301B0080,LEADERS PREP SCHOOL ABOSSEY OKAI
0301B0081,METHODIST PRIM SCHOOL ABOSSEY OKAI (1)
0301B0082,CHRIST APOSTOLIC CHURCH ABOSSEY OKAI
0301B0083,BETHEL MODERN PREP SCHOOL ABOSSEY OKAI
0301B0084,JESUS OF NAZARETH (1) ABOSSEY OKAI
0301B0085,A O 2 and3 J H S (2) ABOSSEY OKAI
0301B0086,ST ANGLICAN CHURCH ABOSSEY OKAI
,
0301B0087,OLD FAITH BUILDING (HOSTEL) MATAHEKO
0301B0088,GREAT MODESCO MATAHEKO
0301B0089,CHRISTAIN DIVINE CHURCH MATAHEKO
0301B0090,KANESHIE WEST 4and5 JHS (1) MATAHEKO
0301B0091,ROMAN CATHOLIC JHS MATAHEKO
0301B0092,BENNET CAULLEY MEMORIAL SCH MATAHEKO
,
0301B0093,POLICE CHURCH POLICE BARRACKS ODORKOR
0301B0094,MATAHEKO 2 BOYS JHS (1) MATAHEKO
0301B0095,FORMER JOE TEX PARK MATAHEKO
0301B0096,NEW ABOSSEY OKAI PRIM 2 SCH (1) MATAHEKO
0301B0097,VERTILE DAY CARE CENTRE MATAHEKO
0301B0098,CHURCH OF PENTECOST 2 ASEMBLY MATAHEKO
0301B0099,MOST HOLY HEART PREP. SCHOOL MATAHEKO
0301B0100,GRACE PREP. SCHOOL and JHS. (1) MATAHEKO
0301B0101,GHANA REVENUE AUTHORITY OFFICE. ASOREDANHO
,
0301B0102,BETHLEHEM METHODIST CHURCH (1) RUSSIA
0301B0103,EP CHURCH RUSSIA 1
0301B0104,EP CHURCH RUSSIA (2)
0301B0105,DR. ROSE CLINIC NORTH RUSSIA
0301B0106,TORSAVI SACRED SHRINE I SHUKURA
0301B0107,PARADISE HEALING CH 1 SHUKURA
0301B0108,MUSAMA DISCO CHRISTO CH. SHUKURA
0301B0109,POLICE QUARTERS 1 RUSSIA
0301B0110,LIBERIO MOSQUE SHUKURA
,
0301B0111,NIM CINEMA HALL. 1 SHUKURA
0301B0112,POWER EFFORT VIDEO CENT. 2 SHUKURA
0301B0113,ANSARUDEEN ISLAMIC SCH. SHUKURA
0301B0114,RIYARD PREP. SCH. 1 MAMBROUK
0301B0115,MANGO DOWN CHOPS. ZAMARAMA LINE
0301B0116,TED PREP.SCH. BANANA INN
0301B0117,BANANA INN GPRTU OFF. 1 BANANA INN
0301B0118,BETHEL PRESBY CHURCH SOKO
0301B0119,A M E ZION CHURCH (1) ZAMARAMA LINE
0301B0120,AMDALLAH CENTRAL MOSQUE FADIKAFUTA SHUKURA (1)
0301B0121,CH OF PENTECOST SALEM ASSEMBLY (1) ZAMARAMA LINE
0301B0122,I B E HOUSE I B E
0301B0123,DA-RUSSALAM MOSQUE ZAMARAMA LINE
,
0301B0124,MAMPROBI SEMPE 12and13 JHS NO I LARTEBIOKORSHIE
0301B0125,1 JHS LARTEBIOKORSHIE (1) LARTEBIOKORSHIE
0301B0126,LARTEBIOKORSHIE 3and4 JHS. LARTEBIOKORSHIE (1)
0301B0127,ASSEMBLIES OF GOD CHURCH APPIAH-DANQUAH
0301B0128,"APOSTOLIC CHURCH, TOWN COUNCIL LINE"
0301B0129,SEVEN GREAT PRINCES SCH (1)TOWN COUNCIL LINE
0301B0130,CHURCH OF PENTECOST TOWN COUNCIL LINE
,
0301B0131,NEW HOPE JHS LARTEBIOKORSHIE
0301B0132,"MAJOSDA PREP. SCHOOL, LARTEBIOKORSHIE"
0301B0133,ZONGO MARKET (1) SABON ZONGO
0301B0134,BLOCK J KWAME NKRUMAH FLATS. LARTEBIOKORSHIE
0301B0135,OLD CANDLE FACTORY (1) SABON ZONGO
0301B0136,GASKIA CINEMA HALL. SABON ZONGO (1)
0301B0137,ABOSTI ANGO MOSQUE SABON ZONGO
0301B0138,"ZAANA MOSQUE, SABON ZONGO"
0301B0139,LARTEBIOKORSHIE 2and3 PRIMARY SCHOOL (1) SABON ZONGO
0301B0140,E P CHURCH LARTEBIOKORSHIE
,
0301B0141,ROMAN CATHOLIC BOYS JHS. KORLE GONNO
0301B0142,ST. MARY'S SENIOR HIGH SCHOOL KORLE-GONNO (1)
0301B0143,"KORLE GONNO DAY NURSERY, KORLE-GONNO"
0301B0144,CHRISTIAN LIFE MINISTRY KORLEY GONNO
0301B0145,"ST. MICHAEL'S ALL ANGELS ANGLICAN CHURCH, KORLE-GO"
0301B0146,"ANNUS STABLE, KORLE-GONNO"
0301B0147,"KORLE-GONNO 2 JHS (1), KORLE-GONNO"
0301B0148,"PRINCE PHOTOS STUDIO, KORLE-GONNO"
0301B0149,"EBENEZER 2and3 JHS, KORLE-GONNO (1)"
0301B0150,"GHANA MUSLIMS MISSION, KORLE-GONNO"
0301B0151,"KORLE GONNO 1 GIRLS JHS, KORLE-GONNO"
,
0301B0152,"KORLE-BU POLICE STATION, KORLE BU (1)"
0301B0153,BISHOP BOWERS PREP. SCHOOL KORLE-BU (1)
0301B0154,NURSING TRAINING CENTRE NO. 1 KORLE BU (1)
0301B0155,"MINISTRY OF HEALTH BASIC SCHOOLS, KORLE BU"
0301B0156,"NEW COVENANT VOCATIONAL INSTITUTE, KORLE BU"
,
0301B0157,BLUE GATE MAMPROBI
0301B0158,ST. FRANCIS ANGLICAN CHURCH MAMPROBI
0301B0159,SEMPE 4 JHS MAMPROBI (1)
0301B0160,PREMIER PREPARATORY SCHOOL MAMPROBI
0301B0161,MAMPROBI POLYCLINIC MAMPROBI
0301B0162,METHODIST PRIMARY JHS MAMPROBI (1)
0301B0163,POWER HOUSE OF GOD MINISTRY MAMPROBI
0301B0164,MAMPROBI 2 GIRLS JHS MAMPROBI (1)
0301B0165,MAMPROBI EBENEZER JHS MAMPROBI
0301B0166,A M E ZION CHURCH MAMPROBI
,
0301B0167,A C C DESTITUTE HOSTEL CHORKOR
0301B0168,BLESSED ASSURANCE PREPARATORY SCHOOL CHORKOR (1)
0301B0169,CHORKOR JHS. CHORKOR
0301B0170,AGRATA HERBAL CLINIC (MOTHER GLOVER) CHORKOR
0301B0171,GALILEE METHODIST CHURCH. CHORKOR
0301B0172,ST. MARTINS PREPARATORY SCHOOL CHORKOR
0301B0173,PRESBY PRIMARY JHS. LANTEMAN (1)
0301B0174,ST. MOSES PREPARATORY SCHOOL. CHEMUNAA (1)
0301B0175,SEVENTY DISCIPLES CHURCH. LANTEMAN (1)
0301B0176,ST. DOMINIC PREPARATORY SCHOOL. CHORKOR
0301B0177,TWELVE APOSTLE CHURCH OF GHANA. CHEMUNAA (1)
0301B0178,CHURCH OF PENTECOST. CHEMUNAA (1)
0301B0179,UNIVERSAL ACADEMY CHORKOR (1)
0301B0180,FIRST OF AGE EXPERIMENTAL SCH. CHORKOR (1)
0301B0181,FIRST OF AGE EXPERIMENTAL SCH. CHORJKOR (2)
,
0301B0182,PENTECOST CHURCH. I B E (1)
0301B0183,ASSEMBLIES OF GOD CHURCH. NEW MAMPROBI
0301B0184,NEW ERA PREPARATORY SCH. NEW MAMPROBI
0301B0185,RAIM PREPARATORY SCH. BRAZIL PARK
0301B0186,THE LORDS PENTECOSTAL CHURCH. AYIGBE TOWN
0301B0187,FORMER TEGRITOL GIFT SHOP AYIGBE TOWN (1)
,
0301B0188,PENTECOSTAL ACADEMY MPOASE (1)
0301B0189,GLEFE MOSQUE GLEFE
0301B0190,CALVARY PRIMARY SCHOOL MPOASE
0301B0191,WONDERFUL SALVATION HEALING CHURCH SHIABU
0301B0192,FAVOUR PREP SCHOOL SHIABU
0301B0193,GBEGBE JHS NO 1 DANSOMAN
0301B0194,APOSTOLIC CHURCH OF GHANA GLEFE
,
0301B0195,EDDELY INTERNATIONAL SCH. ZONE 6 AGEGE (1)
0301B0196,CALVARY WISDOM ACADEMY. AGEGE MAMPONSE
0301B0197,SAVIOUR INTERNATIONAL JHS. AHAWOSO WO DEA
0301B0198,"ST. MARK NURSERY, AGEGE TROTRO STATION"
0301B0199,FAITH EVANGELICAL CHURCH. SHIABU (1)
0301B0200,RICHES OF GLORY ACADEMY. SHIABU
,
0301B0201,METH PRIM SCH NO.1 DANSOMAN
0301B0202,GA MANYE PALACE DANSOMAN
0301B0203,ASSEMBLIES OF GOD CHURCH EXHIBITION DANSOMAN
0301B0204,STAR OF THE SEA SECRETARIAT DANSOMAN
0301B0205,APOSTOLIC CHURCH OF GHANA DANSOMAN
0301B0206,RICHLAND NURSERY SCH OPETEKWEI
0301B0207,DANSOMAN SHS DANSOMAN
0301B0208,I C G C. DANSOMAN
0301B0209,EBENEZER SHS DANSOMAN
,
0301B0210,DATUS SCH COMPLEX DANSOMAN
0301B0211,AIPHA BETA LEARNING CENTRE DANSOMAN
0301B0212,EXTRA MURAL ACADEMY DANSOMAN
0301B0213,EXTRA MURAL ACADEMY DANSOMAN
0301B0214,DANSOMAN POLICE STATION (1) DANSOMAN
0301B0215,ISLAMIC EDUCATIONAL SCH TUNGA
0301B0216,S.W.A.G CLUB HOUSE DANSOMAN (1)
0301B0217,1and2 PRIMARY SCHOOL DANSOMAN (1)
0301B0218,1and2 JHS DANSOMAN
0301B0219,JESUS IS ALIVE SCH DANSOMAN
,
0301B0220,BISHOP JOHN DALLY DANSOMAN
0301B0221,HOME CARE NURSERY DANSOMAN (1)
0301B0222,RISS MEMORIAL SCH ANNEX DANSOMAN
0301B0223,PRESBYTERIAN CHURCH DANSOMAN
0301B0224,TRINITY NURSING and CRECHE DANSOMAN
0301B0225,FULL OF GRACE EARLY CHILDHOOD DANSOMAN
0301B0226,DR. OPOKU WARE DANSOMAN
0301B0227,ST. BERNADETTE PREP SCH DANSOMAN
0301B0228,CHRISTIAN HOME PREP DANSOMAN (1)
0301B0229,METHODIST CHURCH DANSOMAN
0301B0230,MOST HOLY HEART SCH DANSOMAN (1)
0301B0231,MARTIN DE PORRES PREP SCH DANSOMAN
0301B0232,MATAHEKO 1and2 PRIM SCH (1) MATAHEKO
0306B0001,KASSEH J H S1
0306B0002,KASSEH CLINIC
0306B0003,D/C PRIMARY ASIGBEKOPE
0306B0004,J H S BEDEKU
0306B0005,KUNYENYA MAKPEHE
0306B0006,PRESBY PRIMARY KAJANYA 1
0306B0007,R C PRIMARY TODJE
0306B0008,D/C PRIMARY KUNGMOR
0306B0009,PRESBY PRIMARY DOGO
0306B0010,DORGUAM PRIMARY SCHOOL
0306B0011,D C PRIMARY KORPEHEM
0306B0012,GBATANA SCHOOL
0306B0013,D C PRIMARY ATORTORKOPE
0306B0014,JHS GORM
0306B0015,D C PRIMARY PEDIATORKOPE
0306B0016,PRESBY BOYS BOARDING BIG-ADA
0306B0017,MORMORTSONYA BIG ADA
0306B0018,TRADITIONAL COUNCIL BIG - ADA
0306B0019,LENOBINYA BIG ADA
0306B0020,D C PRIMARY BIG - ADA
0306B0021,D C PRIMARY LUHUESE
0306B0022,EDUCATION OFFICE ADA - FOAH
0306B0023,"OLD MARKET, ADA - FOAH"
0306B0024,"R C PRIMARY SCHOOL, ADA - FOAH"
0306B0025,AZIZANYA PRIMARY SCHOOL
0306B0026,"METHODIST J H S, ADA - FOAH"
0306B0027,D C PRIMARY AZIZAKPE
0306B0028,"THE MOSQUE, ADA - FOAH"
0306B0029,D/C PRIMARY TOTIMEKOPE 1
0306B0030,OTROKPE D C PRIMARY SCHOOL
0306B0031,D C PRIMARY ANYAKPOR
0306B0032,D C PRIMARY ALAVANYO
0306B0033,PUTE J H S 1
0306B0034,TOTOPE PRIMARY SCHOOL
0310A0001,"ROYAL PREP. SCHOOL, LA"
0310A0002,TENASHIE JHS (NO. 1) LA
0310A0003,"REMAND and PROBATION HOME, GIRLS SCH. LA"
0310A0004,"SOCIAL WELFARE SCHOOL, LA"
0310A0005,OSU HOME JHS LA
0310A0006,SOUTH LA ESTATE DAY CARE CENTRE LA
0310A0007,MAALE DADA JHS
0310A0008,ANGLICAN JHS LA
0310A0009,LA OLYMPIA CINEMA
0310A0010,ATAA KWABENA AGNOO EPP HOLYWOOD LA
0310A0011,SEA SHELL NURSERY SCH. LA
0310A0012,"ROMAN CATHOLIC PRIM SCHOOL, LA"
0310A0013,C D R OFFICE LA
0310A0014,"DIVINE HEALING CHURCH, LA"
0310A0015,"LANTE DZAN-WE STOREY BUILDING, LA"
0310A0016,ATAA NMAI NEAR WOKOO
0310A0017,"NEIGHBOURHOOD CENTRE, NO 1 LA"
0310A0018,"LESHIE YALEM HOUSE FRONT, LA"
0310A0019,KAMANYA LA
0310A0020,ROMAN CATHOLIC  JHS LA
0310A0021,"KONEY-TSURU, LA"
0310A0022,"HUMPHEREY PARK, LA"
0310A0023,ADIEMBRA PRIM SCH. NO 1 LA
0310A0024,HAVANA PARK LA
0310A0025,KOJO SARDINE OLD ACCRA TROTRO STATION
0310A0026,"NEW LIFE NO 1 PREP SCH, LA"
0310A0027,"NEW LIFE PREPARATORY ATAA-NAMOALE, LA"
0310A0028,KOFORIDUA HOUSE LA
0310A0029,"MEAT MARKETING BOARD, LA TRADE FAIR"
0310A0030,"LANTEY GEORGE AREA, LA"
0310A0031,ASSEMBLYMAN'S AREA TSEADDO
0310A0032,GLOBAL EVANGELICAL CHURCH TSEADDO
0310A0033,MAMA JULIET'S ROYAL MIRACLE CENTRE TSEADDO
0310A0034,ZENITH UNIVERSITY COLLEGE LA
0310A0035,LIVING HOPE CHURCH TSEADO
0310A0036,YAUSHUA PRIM SCH LA
0310A0037,BETHANY APOSTOLIC CHURCH LA
0310A0038,SUNSET LAUNDRY LA
0310A0039,SOWSH'S GIFT SCHOOL LA
0310A0040,AMEN HOUSE LA
0310A0041,CLEMENCY HOUSE
0310A0042,AVIATION TRANSMISSION GATE-LA
0310A0043,WIRELESS JHS NO 1 LA
0310A0044,NAFTI LA
0310A0045,SOUL CLINIC PREPARATORY SCHOOL LA
0310A0046,KOJO SARDINE POLICE BARRACKS LA
0310A0047,HOLY HOUSE LA
0310A0048,NORTH LABONE POLICE QUARTERS
0310A0049,APAAPA TROTRO STATION NO 1 LA
0310A0050,LABONE SECONDARY SCH
0310A0051,LA GIRLS SCHOOL
0310A0052,LA PRESBY SCHOOL
0310A0053,LA ENOBAL SCHOOL
0310A0054,REFQUAH ELECTRICAL LTD LA
0310A0055,KOJO PREMPEH HOUSE LA
0310A0056,6 and 7 JHS LA (Yaushua)
0310A0057,CHURCH OF THE RISEN CHRIST KOFI BAAKO
0310A0058,CHILDREN and ORPHANAGE HOME LABONE JUNCTION
0310A0059,DUBOIS CENTER LA
0310A0060,CANTONMENT POLICE BARRACKS NO 1
0310A0061,RANGOON PRIMARY SCHOOL NO 1
0310A0062,AQUINAS SECONDARY SCHOOL
0310A0063,GHANA INTERNATIONAL SCHOOL
0310A0064,CHRIST THE KING SCHOOL LA
0310A0065,CANTONMENT POST OFFICE LA
0310A0066,BURMA HALL NO 1
0310A0067,E.P. CHURCH LA MAIN CEMETARY (NHIA Office -La Trade Fair)
0310A0068,GARRISON EDUCATION JHS BURMA CAMP
0310A0069,ARMED FORCES SECONDARY SCHOOL BURMA CAMP
0310A0070,AIRFORCE OFFICERS MESS BURMA CAMP
0310A0071,CHIRINGA JHS BURMA CAMP
0310A0072,AMENITY CENTRE BURMA CAMP
0310A0073,SOCIAL CENTRE DUALA LINES BURMA CAMP
0310A0074,AIRFORCE EXPERIMENTAL SCHOOL NO 1 BURMA CAMP
0310A0075,ARAKAN AandB JHS BURMA CAMP
0310A0076,AIRPORT POLICE PRIMARY SCHOOL CandD BURMA CAMP
0310A0077,AIRPORT POLICE BRRKS BURMA CAMP
0310A0078,MOBILE FORCE SCHOOL BURMA CAMP
0310A0079,5 BN STATION BURMA CAMP
0310B0001,"NEIGHBOURHOOD CENTRE, TESHIE"
0310B0002,"MANDZANO, TESHIE"
0310B0003,"ASESEWA MARKET AREA,TESHIE"
0310B0004,"ANAI-BUKOSHIE MARKET ,TESHIE"
0310B0005,"NKOMENFA JHS, TESHIE"
0310B0006,"KLANAA AREA, TESHIE"
0310B0007,"SANGO 1and2 FISHERMAN ASSOCIATION, TESHIE"
0310B0008,"PINEAPPLE LANE, TESHIE"
0310B0009,"ROMAN CATHOLIC SCHOOL'A' ,TESHIE"
0310B0010,"GUEST-INN, TESHIE"
0310B0011,"JEM PALACE, TESHIE"
0310B0012,GLORIA DAY CENTRE TESHIE
0310B0013,OSABU KUDJO SQUARE MARKET TESHIE
0310B0014,ABOMA PRIMARY SCH TESHIE`
0310B0015,MARTEY TSURU PRESBY SCH TESHIE
0310B0016,ASSEMBLIES OF GOD CHURCH NEAR SHOPPING MALL TESHIE
0310B0017,"PHASE 1, REGIMANUEL ESTATE EAST AIRPORT"
0310B0018,MANET COURT ESTATE TESHIE
0310B0019,RASTAFARI CHURCH TESHIE
0310B0020,FLORIDAN PREPARATORY SCH TESHIE
0310B0021,ANANG ACTION HOUSE TESHIE
0310B0022,ANGLICAN PRIM SCH TESHIE
0310B0023,31ST DEC DAY CARE SCH TESHIE
0310B0024,WAJIR BARRACKS JHS  TESHIE
0310B0025,ACADEMY HALL MATTS TESHIE
0310B0026,5 and 6 MIDDILE SCH TESHIE
0310B0027,EDDIE POLO'S JAMBOREE SPOT TESHIE
0310B0028,HELP YOUR CHILD DAY CARE TESHIE
0310B0029,"OPEC CLINIC, TESHIE"
0310B0030,CAMP 2 PRIM SCH TESHIE
0310B0031,GRACE PRESBY CHURCH TESHIE
0310B0032,CHRISTIAN PREP SCH TESHIE
0310B0033,CALVARY JHS TESHIE
0310B0034,"AGBLESAN CHIEF'S PALACE, TESHIE"
0310B0035,PENNY TAXI RANK TESHIE
0310B0036,LINCOLN INTERNATIONAL SCH TESHIE
0310B0037,KROBO 1and2 PRIM SCH TESHIE
0310B0038,11and12 JHS TESHIE
0310B0039,GOD IS KING CHOP BAR TESHIE
0310B0040,PRESBY CHURCH TESHIE TSUI BLEOO
0310B0041,BIE ASHWEORYE TESHIE
0310B0042,ADU MEMORIAL J.H.S TESHIE
0310B0043,NOBLE PROFESSIONAL INSTITUTE TESHIE
0310B0044,"STAR PREPARATORY SCH, TESHIE"
0310B0045,DOVE HILLS WORSHIP CENTRE TESHIE
0310B0046,TEP'S PREP SCH TESHIE NUNGUA (A)
0310B0047,CHILDRENS LIBRARY TESHIE NUNGUA
0310B0048,DIVINE DAY CARE CENTRE TESHIE NUNGUA
0310B0049,DARA'S PREP SCH TESHIE NUNGUA (A)
0310B0050,DAR-ES SALEM CENT MOSQUE TESHIE NUNGUA
0310B0051,GNAT HOSTEL TESHIE NUNGUA ESTATE
0310B0052,"COMPOST PLANT, TESHIE NUNGUA"
0310B0053,"WINNING SOUL CHAPEL, TESHIE"
0310B0054,ESTATE LAST STOP (10TH AVENUE) TESHIE
0310B0055,AUNTIE MAGGIE'S SPOT (LABOUR OFFICE) TESHIE
0310B0056,"SAP CITY, TESHIE"
0310B0057,ANGLICAN PRIM SCH NUNGUA
0310B0058,HENRY PREP SCH NUNGUA
0310B0059,HILL TOP PREP SCH NUNGUA
0310B0060,PRESBY SEC SCH NUNGUA
0310B0061,DIVINE GIFT PREP SCH NUNGUA
0310B0062,GHANA NATIONAL PREP SCH NUNGUA
0310B0063,ST. FRANCIS PREP SCH NUNGUA
0310B0064,"SELIM CRECHE NURSEY, NUNGUA"
0310B0065,BROTHER SAM PREP. SCH. NUNGUA
0310B0066,"HEAVEN BRIDGE, NUNGUA"
0310B0067,ACC NO. 1and2 PRIM SCH NUNGUA
0310B0068,ZIMMERMAN PRESBY CHAPEL NUNGUA
0310B0069,"GOOD SHEPHERD'S DAY CARE SCH, NUNGUA"
0310B0070,"TRADITIONAL AUTHORITY, NUNGUA"
0310B0071,NUNGUA SECONDARY SCH
0310B0072,"INFORMATION CENTRE, NUNGUA"
0310B0073,"KINGSWAY INN, NUNGUA"
0310B0074,"YAKAATSE AGBONAA, NUNGUA"
0310B0075,"AFOLEY KUMASI, NUNGUA"
0310B0076,METH MIDDLE SCH NUNGUA
0310B0077,"REGIONAL MARITIME UNIVERSITY OFFICERS MESS, NUNGUA"
0310B0078,"BLEMADO YARD, NUNGUA"
0310B0079,"REGIMANUEL GRAY, NUNGUA"
0310B0080,"FRANCIS GATE GREEN, NUNGUA"
0310B0081,ST. MICHEAL J.H.S. NUNGUA
0310B0082,"NEW IRON BAR, NUNGUA"
0310B0083,BOADE LAST STOP
0310B0084,"SO QUANSA, NUNGUA"
0310B0085,"BIG BEN, NUNGUA"
0310B0086,APOSTOLIC CHAPEL NUNGUA
0310B0087,"ROMAN CATHOLIC PRIM SCH, NUNGUA"
0310B0088,"ANEVON COURT, NUNGUA"
0310B0089,GRACE ACADEMY PREP. SCH. NUNGUA
0310B0090,"BAATSONAA PRIM SCH, NUNGUA"
0310B0091,"BETHEL BAPTIST CHURCH, BAATSONAA-NUNGUA"
0310B0092,GLOW LAMP INT. SCH BAATSONAA-NUNGUA
0310B0093,"BELFORD J H S BAATSONAA,NUNGUA"
0310B0094,DANDINAS PREP. SCH BAATSONA NUNGUA
0310B0095,BASK ACADEMY SCH BAATSONAA NUNGUA
